experiment,seed,control,treatment,difference_treatment_minus_control,primary_metric,direction
tadm_sparse,30011,0.6666666666666666,0.8333333333333334,0.16666666666666674,retrieval_accuracy,greater
tadm_sparse,30064,0.7555555555555555,0.8888888888888888,0.1333333333333333,retrieval_accuracy,greater
tadm_sparse,30117,0.8333333333333334,0.8666666666666667,0.033333333333333326,retrieval_accuracy,greater
tadm_sparse,30170,0.7333333333333333,0.8222222222222222,0.0888888888888889,retrieval_accuracy,greater
tadm_sparse,30223,0.7444444444444445,0.8444444444444444,0.09999999999999998,retrieval_accuracy,greater
tadm_sparse,30276,0.7555555555555555,0.9333333333333333,0.1777777777777778,retrieval_accuracy,greater
tadm_sparse,30329,0.7888888888888889,0.8555555555555555,0.06666666666666665,retrieval_accuracy,greater
tadm_sparse,30382,0.7444444444444445,0.8888888888888888,0.14444444444444438,retrieval_accuracy,greater
tadm_sparse,30435,0.7222222222222222,0.8333333333333334,0.11111111111111116,retrieval_accuracy,greater
tadm_sparse,30488,0.7666666666666667,0.8555555555555555,0.0888888888888888,retrieval_accuracy,greater
tadm_sparse,30541,0.7444444444444445,0.9,0.15555555555555556,retrieval_accuracy,greater
tadm_sparse,30594,0.8,0.8333333333333334,0.033333333333333326,retrieval_accuracy,greater
tadm_sparse,30647,0.7111111111111111,0.8333333333333334,0.12222222222222223,retrieval_accuracy,greater
tadm_sparse,30700,0.8,0.9111111111111111,0.11111111111111105,retrieval_accuracy,greater
tadm_sparse,30753,0.7222222222222222,0.8777777777777778,0.15555555555555556,retrieval_accuracy,greater
tadm_sparse,30806,0.7888888888888889,0.9111111111111111,0.12222222222222223,retrieval_accuracy,greater
tadm_sparse,30859,0.7333333333333333,0.8666666666666667,0.13333333333333341,retrieval_accuracy,greater
tadm_sparse,30912,0.7666666666666667,0.8777777777777778,0.11111111111111105,retrieval_accuracy,greater
tadm_sparse,30965,0.7333333333333333,0.8666666666666667,0.13333333333333341,retrieval_accuracy,greater
tadm_sparse,31018,0.6666666666666666,0.8333333333333334,0.16666666666666674,retrieval_accuracy,greater
tadm_sparse,31071,0.8111111111111111,0.8333333333333334,0.022222222222222254,retrieval_accuracy,greater
tadm_sparse,31124,0.6888888888888889,0.7888888888888889,0.09999999999999998,retrieval_accuracy,greater
tadm_sparse,31177,0.7666666666666667,0.8444444444444444,0.07777777777777772,retrieval_accuracy,greater
tadm_sparse,31230,0.6888888888888889,0.7777777777777778,0.0888888888888889,retrieval_accuracy,greater
tadm_sparse,31283,0.8111111111111111,0.8555555555555555,0.0444444444444444,retrieval_accuracy,greater
tadm_sparse,31336,0.7333333333333333,0.8444444444444444,0.11111111111111116,retrieval_accuracy,greater
tadm_sparse,31389,0.7222222222222222,0.8444444444444444,0.12222222222222223,retrieval_accuracy,greater
tadm_sparse,31442,0.7777777777777778,0.8111111111111111,0.033333333333333326,retrieval_accuracy,greater
tadm_sparse,31495,0.6888888888888889,0.8666666666666667,0.1777777777777778,retrieval_accuracy,greater
tadm_sparse,31548,0.7888888888888889,0.8333333333333334,0.04444444444444451,retrieval_accuracy,greater
tadm_sparse,31601,0.8111111111111111,0.8222222222222222,0.011111111111111072,retrieval_accuracy,greater
tadm_sparse,31654,0.7333333333333333,0.8666666666666667,0.13333333333333341,retrieval_accuracy,greater
tadm_sparse,31707,0.7333333333333333,0.7777777777777778,0.04444444444444451,retrieval_accuracy,greater
tadm_sparse,31760,0.7666666666666667,0.8555555555555555,0.0888888888888888,retrieval_accuracy,greater
tadm_sparse,31813,0.7666666666666667,0.8666666666666667,0.09999999999999998,retrieval_accuracy,greater
tadm_sparse,31866,0.8222222222222222,0.8555555555555555,0.033333333333333326,retrieval_accuracy,greater
tadm_sparse,31919,0.7555555555555555,0.9,0.1444444444444445,retrieval_accuracy,greater
tadm_sparse,31972,0.7777777777777778,0.8555555555555555,0.07777777777777772,retrieval_accuracy,greater
tadm_sparse,32025,0.6555555555555556,0.8777777777777778,0.2222222222222222,retrieval_accuracy,greater
tadm_sparse,32078,0.7111111111111111,0.8555555555555555,0.14444444444444438,retrieval_accuracy,greater
tadm_sparse,32131,0.7666666666666667,0.8666666666666667,0.09999999999999998,retrieval_accuracy,greater
tadm_sparse,32184,0.7777777777777778,0.8777777777777778,0.09999999999999998,retrieval_accuracy,greater
tadm_sparse,32237,0.6777777777777778,0.8777777777777778,0.19999999999999996,retrieval_accuracy,greater
tadm_sparse,32290,0.7777777777777778,0.8666666666666667,0.0888888888888889,retrieval_accuracy,greater
tadm_sparse,32343,0.7555555555555555,0.8555555555555555,0.09999999999999998,retrieval_accuracy,greater
tadm_sparse,32396,0.7222222222222222,0.8333333333333334,0.11111111111111116,retrieval_accuracy,greater
tadm_sparse,32449,0.6777777777777778,0.8111111111111111,0.1333333333333333,retrieval_accuracy,greater
tadm_sparse,32502,0.7111111111111111,0.8111111111111111,0.09999999999999998,retrieval_accuracy,greater
tadm_sparse,32555,0.6777777777777778,0.8111111111111111,0.1333333333333333,retrieval_accuracy,greater
tadm_sparse,32608,0.7444444444444445,0.8666666666666667,0.12222222222222223,retrieval_accuracy,greater
tadm_sparse,32661,0.7555555555555555,0.8666666666666667,0.11111111111111116,retrieval_accuracy,greater
tadm_sparse,32714,0.7555555555555555,0.8888888888888888,0.1333333333333333,retrieval_accuracy,greater
tadm_sparse,32767,0.8333333333333334,0.8333333333333334,0.0,retrieval_accuracy,greater
tadm_sparse,32820,0.6888888888888889,0.8444444444444444,0.15555555555555556,retrieval_accuracy,greater
tadm_sparse,32873,0.7555555555555555,0.8111111111111111,0.05555555555555558,retrieval_accuracy,greater
tadm_sparse,32926,0.7666666666666667,0.8333333333333334,0.06666666666666665,retrieval_accuracy,greater
tadm_sparse,32979,0.7666666666666667,0.8777777777777778,0.11111111111111105,retrieval_accuracy,greater
tadm_sparse,33032,0.8,0.8111111111111111,0.011111111111111072,retrieval_accuracy,greater
tadm_sparse,33085,0.7333333333333333,0.9,0.16666666666666674,retrieval_accuracy,greater
tadm_sparse,33138,0.7555555555555555,0.8111111111111111,0.05555555555555558,retrieval_accuracy,greater
emg_multihop,30011,0.5818181818181818,1.0,0.4181818181818182,multihop_accuracy,greater
emg_multihop,30064,0.6363636363636364,1.0,0.36363636363636365,multihop_accuracy,greater
emg_multihop,30117,0.6181818181818182,1.0,0.38181818181818183,multihop_accuracy,greater
emg_multihop,30170,0.6727272727272727,1.0,0.32727272727272727,multihop_accuracy,greater
emg_multihop,30223,0.6545454545454545,1.0,0.34545454545454546,multihop_accuracy,greater
emg_multihop,30276,0.6181818181818182,1.0,0.38181818181818183,multihop_accuracy,greater
emg_multihop,30329,0.6181818181818182,1.0,0.38181818181818183,multihop_accuracy,greater
emg_multihop,30382,0.5818181818181818,1.0,0.4181818181818182,multihop_accuracy,greater
emg_multihop,30435,0.6545454545454545,1.0,0.34545454545454546,multihop_accuracy,greater
emg_multihop,30488,0.6181818181818182,1.0,0.38181818181818183,multihop_accuracy,greater
emg_multihop,30541,0.6545454545454545,1.0,0.34545454545454546,multihop_accuracy,greater
emg_multihop,30594,0.6,1.0,0.4,multihop_accuracy,greater
emg_multihop,30647,0.7090909090909091,1.0,0.2909090909090909,multihop_accuracy,greater
emg_multihop,30700,0.6,1.0,0.4,multihop_accuracy,greater
emg_multihop,30753,0.6,1.0,0.4,multihop_accuracy,greater
emg_multihop,30806,0.6363636363636364,1.0,0.36363636363636365,multihop_accuracy,greater
emg_multihop,30859,0.5636363636363636,1.0,0.4363636363636364,multihop_accuracy,greater
emg_multihop,30912,0.6909090909090909,1.0,0.3090909090909091,multihop_accuracy,greater
emg_multihop,30965,0.6727272727272727,1.0,0.32727272727272727,multihop_accuracy,greater
emg_multihop,31018,0.5272727272727272,1.0,0.4727272727272728,multihop_accuracy,greater
emg_multihop,31071,0.6363636363636364,1.0,0.36363636363636365,multihop_accuracy,greater
emg_multihop,31124,0.5636363636363636,1.0,0.4363636363636364,multihop_accuracy,greater
emg_multihop,31177,0.5454545454545454,1.0,0.4545454545454546,multihop_accuracy,greater
emg_multihop,31230,0.5818181818181818,1.0,0.4181818181818182,multihop_accuracy,greater
emg_multihop,31283,0.5818181818181818,1.0,0.4181818181818182,multihop_accuracy,greater
emg_multihop,31336,0.6,1.0,0.4,multihop_accuracy,greater
emg_multihop,31389,0.6727272727272727,1.0,0.32727272727272727,multihop_accuracy,greater
emg_multihop,31442,0.6181818181818182,1.0,0.38181818181818183,multihop_accuracy,greater
emg_multihop,31495,0.6363636363636364,1.0,0.36363636363636365,multihop_accuracy,greater
emg_multihop,31548,0.6181818181818182,1.0,0.38181818181818183,multihop_accuracy,greater
emg_multihop,31601,0.6,1.0,0.4,multihop_accuracy,greater
emg_multihop,31654,0.5818181818181818,1.0,0.4181818181818182,multihop_accuracy,greater
emg_multihop,31707,0.5818181818181818,1.0,0.4181818181818182,multihop_accuracy,greater
emg_multihop,31760,0.5636363636363636,1.0,0.4363636363636364,multihop_accuracy,greater
emg_multihop,31813,0.6,1.0,0.4,multihop_accuracy,greater
emg_multihop,31866,0.6909090909090909,1.0,0.3090909090909091,multihop_accuracy,greater
emg_multihop,31919,0.6181818181818182,1.0,0.38181818181818183,multihop_accuracy,greater
emg_multihop,31972,0.5636363636363636,1.0,0.4363636363636364,multihop_accuracy,greater
emg_multihop,32025,0.7454545454545455,1.0,0.2545454545454545,multihop_accuracy,greater
emg_multihop,32078,0.7272727272727273,1.0,0.2727272727272727,multihop_accuracy,greater
emg_multihop,32131,0.6909090909090909,1.0,0.3090909090909091,multihop_accuracy,greater
emg_multihop,32184,0.6909090909090909,1.0,0.3090909090909091,multihop_accuracy,greater
emg_multihop,32237,0.6181818181818182,1.0,0.38181818181818183,multihop_accuracy,greater
emg_multihop,32290,0.6727272727272727,1.0,0.32727272727272727,multihop_accuracy,greater
emg_multihop,32343,0.7272727272727273,1.0,0.2727272727272727,multihop_accuracy,greater
emg_multihop,32396,0.5636363636363636,1.0,0.4363636363636364,multihop_accuracy,greater
emg_multihop,32449,0.6,1.0,0.4,multihop_accuracy,greater
emg_multihop,32502,0.5818181818181818,1.0,0.4181818181818182,multihop_accuracy,greater
emg_multihop,32555,0.6727272727272727,1.0,0.32727272727272727,multihop_accuracy,greater
emg_multihop,32608,0.6363636363636364,1.0,0.36363636363636365,multihop_accuracy,greater
emg_multihop,32661,0.6909090909090909,1.0,0.3090909090909091,multihop_accuracy,greater
emg_multihop,32714,0.6909090909090909,1.0,0.3090909090909091,multihop_accuracy,greater
emg_multihop,32767,0.5636363636363636,1.0,0.4363636363636364,multihop_accuracy,greater
emg_multihop,32820,0.6,1.0,0.4,multihop_accuracy,greater
emg_multihop,32873,0.6727272727272727,1.0,0.32727272727272727,multihop_accuracy,greater
emg_multihop,32926,0.5818181818181818,1.0,0.4181818181818182,multihop_accuracy,greater
emg_multihop,32979,0.5818181818181818,1.0,0.4181818181818182,multihop_accuracy,greater
emg_multihop,33032,0.7272727272727273,1.0,0.2727272727272727,multihop_accuracy,greater
emg_multihop,33085,0.7090909090909091,1.0,0.2909090909090909,multihop_accuracy,greater
emg_multihop,33138,0.6,1.0,0.4,multihop_accuracy,greater
dream_consolidation,30011,1037.0,120.0,-917.0,retained_records,less
dream_consolidation,30064,1048.0,121.0,-927.0,retained_records,less
dream_consolidation,30117,993.0,122.0,-871.0,retained_records,less
dream_consolidation,30170,971.0,122.0,-849.0,retained_records,less
dream_consolidation,30223,1024.0,122.0,-902.0,retained_records,less
dream_consolidation,30276,1030.0,121.0,-909.0,retained_records,less
dream_consolidation,30329,1014.0,121.0,-893.0,retained_records,less
dream_consolidation,30382,1024.0,120.0,-904.0,retained_records,less
dream_consolidation,30435,1015.0,121.0,-894.0,retained_records,less
dream_consolidation,30488,1037.0,120.0,-917.0,retained_records,less
dream_consolidation,30541,955.0,123.0,-832.0,retained_records,less
dream_consolidation,30594,1074.0,121.0,-953.0,retained_records,less
dream_consolidation,30647,1043.0,121.0,-922.0,retained_records,less
dream_consolidation,30700,990.0,122.0,-868.0,retained_records,less
dream_consolidation,30753,975.0,123.0,-852.0,retained_records,less
dream_consolidation,30806,989.0,122.0,-867.0,retained_records,less
dream_consolidation,30859,988.0,120.0,-868.0,retained_records,less
dream_consolidation,30912,1003.0,121.0,-882.0,retained_records,less
dream_consolidation,30965,1083.0,120.0,-963.0,retained_records,less
dream_consolidation,31018,995.0,121.0,-874.0,retained_records,less
dream_consolidation,31071,1002.0,121.0,-881.0,retained_records,less
dream_consolidation,31124,1012.0,122.0,-890.0,retained_records,less
dream_consolidation,31177,1042.0,121.0,-921.0,retained_records,less
dream_consolidation,31230,1087.0,121.0,-966.0,retained_records,less
dream_consolidation,31283,999.0,123.0,-876.0,retained_records,less
dream_consolidation,31336,1065.0,123.0,-942.0,retained_records,less
dream_consolidation,31389,984.0,122.0,-862.0,retained_records,less
dream_consolidation,31442,972.0,121.0,-851.0,retained_records,less
dream_consolidation,31495,959.0,120.0,-839.0,retained_records,less
dream_consolidation,31548,955.0,123.0,-832.0,retained_records,less
dream_consolidation,31601,1047.0,121.0,-926.0,retained_records,less
dream_consolidation,31654,1025.0,120.0,-905.0,retained_records,less
dream_consolidation,31707,1035.0,120.0,-915.0,retained_records,less
dream_consolidation,31760,972.0,121.0,-851.0,retained_records,less
dream_consolidation,31813,1028.0,120.0,-908.0,retained_records,less
dream_consolidation,31866,1050.0,122.0,-928.0,retained_records,less
dream_consolidation,31919,1043.0,121.0,-922.0,retained_records,less
dream_consolidation,31972,1049.0,123.0,-926.0,retained_records,less
dream_consolidation,32025,1044.0,120.0,-924.0,retained_records,less
dream_consolidation,32078,1012.0,120.0,-892.0,retained_records,less
dream_consolidation,32131,1033.0,120.0,-913.0,retained_records,less
dream_consolidation,32184,1019.0,121.0,-898.0,retained_records,less
dream_consolidation,32237,1033.0,122.0,-911.0,retained_records,less
dream_consolidation,32290,1023.0,120.0,-903.0,retained_records,less
dream_consolidation,32343,1018.0,122.0,-896.0,retained_records,less
dream_consolidation,32396,1016.0,120.0,-896.0,retained_records,less
dream_consolidation,32449,1011.0,121.0,-890.0,retained_records,less
dream_consolidation,32502,1001.0,122.0,-879.0,retained_records,less
dream_consolidation,32555,1034.0,122.0,-912.0,retained_records,less
dream_consolidation,32608,1017.0,122.0,-895.0,retained_records,less
dream_consolidation,32661,1026.0,120.0,-906.0,retained_records,less
dream_consolidation,32714,1028.0,120.0,-908.0,retained_records,less
dream_consolidation,32767,1008.0,122.0,-886.0,retained_records,less
dream_consolidation,32820,993.0,121.0,-872.0,retained_records,less
dream_consolidation,32873,991.0,121.0,-870.0,retained_records,less
dream_consolidation,32926,1072.0,121.0,-951.0,retained_records,less
dream_consolidation,32979,979.0,121.0,-858.0,retained_records,less
dream_consolidation,33032,1058.0,120.0,-938.0,retained_records,less
dream_consolidation,33085,1039.0,120.0,-919.0,retained_records,less
dream_consolidation,33138,996.0,121.0,-875.0,retained_records,less
pad_risk,30011,0.03888888888888889,0.013333333333333334,-0.025555555555555554,unsafe_action_rate,less
pad_risk,30064,0.042222222222222223,0.016666666666666666,-0.025555555555555557,unsafe_action_rate,less
pad_risk,30117,0.04555555555555556,0.016666666666666666,-0.02888888888888889,unsafe_action_rate,less
pad_risk,30170,0.04,0.021111111111111112,-0.01888888888888889,unsafe_action_rate,less
pad_risk,30223,0.052222222222222225,0.01888888888888889,-0.03333333333333334,unsafe_action_rate,less
pad_risk,30276,0.04666666666666667,0.017777777777777778,-0.02888888888888889,unsafe_action_rate,less
pad_risk,30329,0.043333333333333335,0.023333333333333334,-0.02,unsafe_action_rate,less
pad_risk,30382,0.044444444444444446,0.023333333333333334,-0.021111111111111112,unsafe_action_rate,less
pad_risk,30435,0.034444444444444444,0.014444444444444444,-0.02,unsafe_action_rate,less
pad_risk,30488,0.035555555555555556,0.015555555555555555,-0.02,unsafe_action_rate,less
pad_risk,30541,0.03777777777777778,0.013333333333333334,-0.024444444444444442,unsafe_action_rate,less
pad_risk,30594,0.05,0.01888888888888889,-0.031111111111111114,unsafe_action_rate,less
pad_risk,30647,0.043333333333333335,0.021111111111111112,-0.022222222222222223,unsafe_action_rate,less
pad_risk,30700,0.04888888888888889,0.015555555555555555,-0.03333333333333334,unsafe_action_rate,less
pad_risk,30753,0.03111111111111111,0.013333333333333334,-0.017777777777777774,unsafe_action_rate,less
pad_risk,30806,0.04666666666666667,0.01888888888888889,-0.02777777777777778,unsafe_action_rate,less
pad_risk,30859,0.043333333333333335,0.01888888888888889,-0.024444444444444446,unsafe_action_rate,less
pad_risk,30912,0.056666666666666664,0.023333333333333334,-0.033333333333333326,unsafe_action_rate,less
pad_risk,30965,0.042222222222222223,0.024444444444444446,-0.017777777777777778,unsafe_action_rate,less
pad_risk,31018,0.04111111111111111,0.013333333333333334,-0.027777777777777776,unsafe_action_rate,less
pad_risk,31071,0.03333333333333333,0.006666666666666667,-0.026666666666666665,unsafe_action_rate,less
pad_risk,31124,0.03888888888888889,0.017777777777777778,-0.021111111111111112,unsafe_action_rate,less
pad_risk,31177,0.034444444444444444,0.011111111111111112,-0.02333333333333333,unsafe_action_rate,less
pad_risk,31230,0.052222222222222225,0.024444444444444446,-0.02777777777777778,unsafe_action_rate,less
pad_risk,31283,0.03888888888888889,0.02,-0.01888888888888889,unsafe_action_rate,less
pad_risk,31336,0.042222222222222223,0.016666666666666666,-0.025555555555555557,unsafe_action_rate,less
pad_risk,31389,0.042222222222222223,0.01,-0.03222222222222222,unsafe_action_rate,less
pad_risk,31442,0.03777777777777778,0.017777777777777778,-0.02,unsafe_action_rate,less
pad_risk,31495,0.04,0.01888888888888889,-0.021111111111111112,unsafe_action_rate,less
pad_risk,31548,0.03333333333333333,0.012222222222222223,-0.02111111111111111,unsafe_action_rate,less
pad_risk,31601,0.043333333333333335,0.01888888888888889,-0.024444444444444446,unsafe_action_rate,less
pad_risk,31654,0.04666666666666667,0.022222222222222223,-0.024444444444444446,unsafe_action_rate,less
pad_risk,31707,0.03777777777777778,0.014444444444444444,-0.023333333333333334,unsafe_action_rate,less
pad_risk,31760,0.03888888888888889,0.02,-0.01888888888888889,unsafe_action_rate,less
pad_risk,31813,0.043333333333333335,0.017777777777777778,-0.025555555555555557,unsafe_action_rate,less
pad_risk,31866,0.03888888888888889,0.01888888888888889,-0.02,unsafe_action_rate,less
pad_risk,31919,0.05555555555555555,0.015555555555555555,-0.039999999999999994,unsafe_action_rate,less
pad_risk,31972,0.04666666666666667,0.016666666666666666,-0.030000000000000002,unsafe_action_rate,less
pad_risk,32025,0.05444444444444444,0.024444444444444446,-0.029999999999999995,unsafe_action_rate,less
pad_risk,32078,0.04111111111111111,0.014444444444444444,-0.02666666666666667,unsafe_action_rate,less
pad_risk,32131,0.042222222222222223,0.017777777777777778,-0.024444444444444446,unsafe_action_rate,less
pad_risk,32184,0.04111111111111111,0.014444444444444444,-0.02666666666666667,unsafe_action_rate,less
pad_risk,32237,0.04888888888888889,0.01888888888888889,-0.030000000000000002,unsafe_action_rate,less
pad_risk,32290,0.03666666666666667,0.015555555555555555,-0.021111111111111112,unsafe_action_rate,less
pad_risk,32343,0.042222222222222223,0.016666666666666666,-0.025555555555555557,unsafe_action_rate,less
pad_risk,32396,0.044444444444444446,0.016666666666666666,-0.02777777777777778,unsafe_action_rate,less
pad_risk,32449,0.034444444444444444,0.015555555555555555,-0.01888888888888889,unsafe_action_rate,less
pad_risk,32502,0.04111111111111111,0.017777777777777778,-0.023333333333333334,unsafe_action_rate,less
pad_risk,32555,0.04666666666666667,0.023333333333333334,-0.023333333333333334,unsafe_action_rate,less
pad_risk,32608,0.04888888888888889,0.01888888888888889,-0.030000000000000002,unsafe_action_rate,less
pad_risk,32661,0.03777777777777778,0.017777777777777778,-0.02,unsafe_action_rate,less
pad_risk,32714,0.044444444444444446,0.017777777777777778,-0.02666666666666667,unsafe_action_rate,less
pad_risk,32767,0.03777777777777778,0.016666666666666666,-0.021111111111111112,unsafe_action_rate,less
pad_risk,32820,0.03666666666666667,0.016666666666666666,-0.02,unsafe_action_rate,less
pad_risk,32873,0.06555555555555556,0.021111111111111112,-0.04444444444444445,unsafe_action_rate,less
pad_risk,32926,0.03888888888888889,0.015555555555555555,-0.023333333333333334,unsafe_action_rate,less
pad_risk,32979,0.042222222222222223,0.023333333333333334,-0.01888888888888889,unsafe_action_rate,less
pad_risk,33032,0.04777777777777778,0.013333333333333334,-0.034444444444444444,unsafe_action_rate,less
pad_risk,33085,0.04888888888888889,0.024444444444444446,-0.024444444444444446,unsafe_action_rate,less
pad_risk,33138,0.05,0.021111111111111112,-0.02888888888888889,unsafe_action_rate,less
tam_postpone,30011,-3.7181304568055853,4.762373279127748,8.480503735933333,deadline_utility,greater
tam_postpone,30064,1.5525610140932773,10.754865663394654,9.202304649301377,deadline_utility,greater
tam_postpone,30117,-3.2855647052435075,-0.4320035735546641,2.8535611316888434,deadline_utility,greater
tam_postpone,30170,-3.409138042660822,4.74763900128038,8.1567770439412,deadline_utility,greater
tam_postpone,30223,0.6411908670661505,4.810251190085998,4.169060323019847,deadline_utility,greater
tam_postpone,30276,-2.5244691954961356,6.3852289089227785,8.909698104418915,deadline_utility,greater
tam_postpone,30329,-3.980641514341787,1.1843934424866387,5.165034956828426,deadline_utility,greater
tam_postpone,30382,0.4478585025384094,2.9627882347202825,2.514929732181873,deadline_utility,greater
tam_postpone,30435,-0.7615122625157015,9.021737181984841,9.783249444500543,deadline_utility,greater
tam_postpone,30488,-2.7496996497342265,1.6545076040486426,4.404207253782869,deadline_utility,greater
tam_postpone,30541,-5.442306343119684,10.08735336831058,15.529659711430265,deadline_utility,greater
tam_postpone,30594,-2.233720402295488,-1.8455482719328464,0.38817213036264153,deadline_utility,greater
tam_postpone,30647,-1.1713387541296874,6.9275065957227655,8.098845349852454,deadline_utility,greater
tam_postpone,30700,6.356605148198127,13.52731253109284,7.1707073828947125,deadline_utility,greater
tam_postpone,30753,-4.33544091974354,2.416835431786503,6.752276351530043,deadline_utility,greater
tam_postpone,30806,-4.204690348693598,3.314891759168719,7.519582107862316,deadline_utility,greater
tam_postpone,30859,-1.689402665945922,4.9938949819458855,6.683297647891807,deadline_utility,greater
tam_postpone,30912,-1.5209644418522443,5.591339293905944,7.1123037357581875,deadline_utility,greater
tam_postpone,30965,-1.3351281082155018,10.788732693210472,12.123860801425973,deadline_utility,greater
tam_postpone,31018,-3.33728711995633,5.989891066646071,9.327178186602401,deadline_utility,greater
tam_postpone,31071,-1.0013670994102366,2.374142859905083,3.3755099593153197,deadline_utility,greater
tam_postpone,31124,-2.371020616652192,0.9850163651206549,3.356036981772847,deadline_utility,greater
tam_postpone,31177,-3.7880320321261025,4.025780903355152,7.813812935481254,deadline_utility,greater
tam_postpone,31230,-4.0356269633554875,0.34108355124880596,4.3767105146042935,deadline_utility,greater
tam_postpone,31283,-1.0888007787979896,8.254418388686375,9.343219167484364,deadline_utility,greater
tam_postpone,31336,-1.7701872443827846,8.733536334948123,10.503723579330908,deadline_utility,greater
tam_postpone,31389,-3.1328399573402077,8.1513947217204,11.284234679060608,deadline_utility,greater
tam_postpone,31442,-0.33762918603493974,3.9339573102538528,4.271586496288792,deadline_utility,greater
tam_postpone,31495,-0.6282471772666687,6.173419694433612,6.801666871700281,deadline_utility,greater
tam_postpone,31548,-5.157000937250072,4.153048155952757,9.310049093202828,deadline_utility,greater
tam_postpone,31601,-2.9488955770900986,-1.245007102080279,1.7038884750098195,deadline_utility,greater
tam_postpone,31654,-2.8223877595397844,2.417079087577279,5.239466847117063,deadline_utility,greater
tam_postpone,31707,-4.491709272963489,8.84884974549272,13.340559018456208,deadline_utility,greater
tam_postpone,31760,-1.4072462861001216,6.8442329493280765,8.251479235428198,deadline_utility,greater
tam_postpone,31813,0.94424590678906,10.30076792942279,9.35652202263373,deadline_utility,greater
tam_postpone,31866,-2.96323003996785,-1.2216027618044285,1.7416272781634217,deadline_utility,greater
tam_postpone,31919,2.2721250414474996,10.96018861066575,8.68806356921825,deadline_utility,greater
tam_postpone,31972,-5.751224447964022,7.635061751129809,13.386286199093831,deadline_utility,greater
tam_postpone,32025,-0.09693966204546722,8.146387953344778,8.243327615390246,deadline_utility,greater
tam_postpone,32078,-7.163813623296986,2.1516063731261457,9.315419996423131,deadline_utility,greater
tam_postpone,32131,-3.619552603515272,1.4494337047915713,5.068986308306844,deadline_utility,greater
tam_postpone,32184,-2.4216805972760094,4.957970358896822,7.379650956172831,deadline_utility,greater
tam_postpone,32237,-3.6212711119609704,2.926634846169998,6.547905958130968,deadline_utility,greater
tam_postpone,32290,-4.149122300366978,3.2148608476119684,7.363983147978946,deadline_utility,greater
tam_postpone,32343,0.6383881676488614,8.03438557058089,7.395997402932029,deadline_utility,greater
tam_postpone,32396,2.7192297641715952,6.995208430648228,4.275978666476632,deadline_utility,greater
tam_postpone,32449,-1.5831470940643269,3.1381802496028195,4.721327343667147,deadline_utility,greater
tam_postpone,32502,-2.5414833323048627,2.489566246217206,5.031049578522069,deadline_utility,greater
tam_postpone,32555,-4.95174128544161,6.483337092661902,11.435078378103512,deadline_utility,greater
tam_postpone,32608,-0.9665596370301046,5.557557911012782,6.524117548042886,deadline_utility,greater
tam_postpone,32661,-1.0889658961201027,4.127315105588783,5.216281001708886,deadline_utility,greater
tam_postpone,32714,-2.815502366591789,6.363825793142554,9.179328159734343,deadline_utility,greater
tam_postpone,32767,-1.2266957557020248,-3.3006916058018527,-2.073995850099828,deadline_utility,greater
tam_postpone,32820,-5.5397507557899415,-2.0159497232745562,3.5238010325153852,deadline_utility,greater
tam_postpone,32873,-2.6781435153120374,4.723334459776668,7.401477975088705,deadline_utility,greater
tam_postpone,32926,-1.2506032287682531,2.8735142970366803,4.124117525804934,deadline_utility,greater
tam_postpone,32979,7.665131761791453,10.917426150377345,3.2522943885858924,deadline_utility,greater
tam_postpone,33032,-4.897828280965201,3.326553313402433,8.224381594367633,deadline_utility,greater
tam_postpone,33085,-0.5703672797260633,8.906678563962135,9.477045843688199,deadline_utility,greater
tam_postpone,33138,-3.5088763489329557,-0.4092521254240836,3.0996242235088722,deadline_utility,greater
auto_cue,30011,0.49333333333333335,0.7583333333333333,0.26499999999999996,cue_success,greater
auto_cue,30064,0.5166666666666667,0.735,0.21833333333333327,cue_success,greater
auto_cue,30117,0.48833333333333334,0.7666666666666667,0.2783333333333334,cue_success,greater
auto_cue,30170,0.515,0.72,0.20499999999999996,cue_success,greater
auto_cue,30223,0.5116666666666667,0.7633333333333333,0.2516666666666666,cue_success,greater
auto_cue,30276,0.48833333333333334,0.7433333333333333,0.25499999999999995,cue_success,greater
auto_cue,30329,0.4866666666666667,0.7216666666666667,0.235,cue_success,greater
auto_cue,30382,0.495,0.735,0.24,cue_success,greater
auto_cue,30435,0.5133333333333333,0.7316666666666667,0.21833333333333338,cue_success,greater
auto_cue,30488,0.48,0.75,0.27,cue_success,greater
auto_cue,30541,0.49166666666666664,0.7233333333333334,0.23166666666666674,cue_success,greater
auto_cue,30594,0.4683333333333333,0.7383333333333333,0.26999999999999996,cue_success,greater
auto_cue,30647,0.485,0.7366666666666667,0.2516666666666667,cue_success,greater
auto_cue,30700,0.49833333333333335,0.7616666666666667,0.26333333333333336,cue_success,greater
auto_cue,30753,0.505,0.7216666666666667,0.21666666666666667,cue_success,greater
auto_cue,30806,0.49666666666666665,0.7366666666666667,0.24000000000000005,cue_success,greater
auto_cue,30859,0.5333333333333333,0.785,0.2516666666666667,cue_success,greater
auto_cue,30912,0.5066666666666667,0.7766666666666666,0.2699999999999999,cue_success,greater
auto_cue,30965,0.515,0.7666666666666667,0.2516666666666667,cue_success,greater
auto_cue,31018,0.48333333333333334,0.7516666666666667,0.26833333333333337,cue_success,greater
auto_cue,31071,0.51,0.735,0.22499999999999998,cue_success,greater
auto_cue,31124,0.49833333333333335,0.72,0.22166666666666662,cue_success,greater
auto_cue,31177,0.5466666666666666,0.74,0.19333333333333336,cue_success,greater
auto_cue,31230,0.49666666666666665,0.7733333333333333,0.27666666666666667,cue_success,greater
auto_cue,31283,0.49333333333333335,0.7366666666666667,0.24333333333333335,cue_success,greater
auto_cue,31336,0.495,0.7283333333333334,0.2333333333333334,cue_success,greater
auto_cue,31389,0.5,0.76,0.26,cue_success,greater
auto_cue,31442,0.495,0.745,0.25,cue_success,greater
auto_cue,31495,0.47833333333333333,0.73,0.25166666666666665,cue_success,greater
auto_cue,31548,0.515,0.7566666666666667,0.2416666666666667,cue_success,greater
auto_cue,31601,0.5,0.745,0.245,cue_success,greater
auto_cue,31654,0.49166666666666664,0.7483333333333333,0.25666666666666665,cue_success,greater
auto_cue,31707,0.5083333333333333,0.7866666666666666,0.2783333333333333,cue_success,greater
auto_cue,31760,0.53,0.765,0.235,cue_success,greater
auto_cue,31813,0.5016666666666667,0.7516666666666667,0.25,cue_success,greater
auto_cue,31866,0.5316666666666666,0.7633333333333333,0.2316666666666667,cue_success,greater
auto_cue,31919,0.49166666666666664,0.7316666666666667,0.24000000000000005,cue_success,greater
auto_cue,31972,0.5233333333333333,0.7483333333333333,0.22499999999999998,cue_success,greater
auto_cue,32025,0.485,0.74,0.255,cue_success,greater
auto_cue,32078,0.4683333333333333,0.7216666666666667,0.25333333333333335,cue_success,greater
auto_cue,32131,0.495,0.745,0.25,cue_success,greater
auto_cue,32184,0.4633333333333333,0.7316666666666667,0.26833333333333337,cue_success,greater
auto_cue,32237,0.48833333333333334,0.7533333333333333,0.26499999999999996,cue_success,greater
auto_cue,32290,0.515,0.78,0.265,cue_success,greater
auto_cue,32343,0.4633333333333333,0.7283333333333334,0.26500000000000007,cue_success,greater
auto_cue,32396,0.5333333333333333,0.7833333333333333,0.25,cue_success,greater
auto_cue,32449,0.5316666666666666,0.7583333333333333,0.22666666666666668,cue_success,greater
auto_cue,32502,0.49166666666666664,0.7416666666666667,0.25000000000000006,cue_success,greater
auto_cue,32555,0.49,0.7566666666666667,0.2666666666666667,cue_success,greater
auto_cue,32608,0.505,0.745,0.24,cue_success,greater
auto_cue,32661,0.51,0.76,0.25,cue_success,greater
auto_cue,32714,0.48,0.7316666666666667,0.2516666666666667,cue_success,greater
auto_cue,32767,0.5016666666666667,0.7333333333333333,0.23166666666666658,cue_success,greater
auto_cue,32820,0.5083333333333333,0.7466666666666667,0.2383333333333334,cue_success,greater
auto_cue,32873,0.515,0.745,0.22999999999999998,cue_success,greater
auto_cue,32926,0.505,0.7266666666666667,0.22166666666666668,cue_success,greater
auto_cue,32979,0.47,0.7233333333333334,0.2533333333333334,cue_success,greater
auto_cue,33032,0.49333333333333335,0.7483333333333333,0.25499999999999995,cue_success,greater
auto_cue,33085,0.5066666666666667,0.7716666666666666,0.2649999999999999,cue_success,greater
auto_cue,33138,0.5083333333333333,0.7616666666666667,0.2533333333333334,cue_success,greater
curiosity,30011,1.0,2.0,1.0,useful_discoveries,greater
curiosity,30064,1.0,3.0,2.0,useful_discoveries,greater
curiosity,30117,0.0,2.0,2.0,useful_discoveries,greater
curiosity,30170,2.0,2.0,0.0,useful_discoveries,greater
curiosity,30223,0.0,2.0,2.0,useful_discoveries,greater
curiosity,30276,2.0,5.0,3.0,useful_discoveries,greater
curiosity,30329,4.0,4.0,0.0,useful_discoveries,greater
curiosity,30382,1.0,4.0,3.0,useful_discoveries,greater
curiosity,30435,2.0,2.0,0.0,useful_discoveries,greater
curiosity,30488,2.0,1.0,-1.0,useful_discoveries,greater
curiosity,30541,1.0,3.0,2.0,useful_discoveries,greater
curiosity,30594,1.0,2.0,1.0,useful_discoveries,greater
curiosity,30647,1.0,2.0,1.0,useful_discoveries,greater
curiosity,30700,2.0,5.0,3.0,useful_discoveries,greater
curiosity,30753,2.0,3.0,1.0,useful_discoveries,greater
curiosity,30806,1.0,3.0,2.0,useful_discoveries,greater
curiosity,30859,1.0,2.0,1.0,useful_discoveries,greater
curiosity,30912,2.0,4.0,2.0,useful_discoveries,greater
curiosity,30965,1.0,3.0,2.0,useful_discoveries,greater
curiosity,31018,2.0,3.0,1.0,useful_discoveries,greater
curiosity,31071,1.0,2.0,1.0,useful_discoveries,greater
curiosity,31124,2.0,3.0,1.0,useful_discoveries,greater
curiosity,31177,1.0,2.0,1.0,useful_discoveries,greater
curiosity,31230,1.0,2.0,1.0,useful_discoveries,greater
curiosity,31283,1.0,2.0,1.0,useful_discoveries,greater
curiosity,31336,2.0,3.0,1.0,useful_discoveries,greater
curiosity,31389,2.0,5.0,3.0,useful_discoveries,greater
curiosity,31442,3.0,1.0,-2.0,useful_discoveries,greater
curiosity,31495,1.0,3.0,2.0,useful_discoveries,greater
curiosity,31548,1.0,4.0,3.0,useful_discoveries,greater
curiosity,31601,1.0,4.0,3.0,useful_discoveries,greater
curiosity,31654,1.0,2.0,1.0,useful_discoveries,greater
curiosity,31707,2.0,4.0,2.0,useful_discoveries,greater
curiosity,31760,2.0,3.0,1.0,useful_discoveries,greater
curiosity,31813,0.0,3.0,3.0,useful_discoveries,greater
curiosity,31866,2.0,3.0,1.0,useful_discoveries,greater
curiosity,31919,0.0,2.0,2.0,useful_discoveries,greater
curiosity,31972,1.0,2.0,1.0,useful_discoveries,greater
curiosity,32025,2.0,5.0,3.0,useful_discoveries,greater
curiosity,32078,2.0,3.0,1.0,useful_discoveries,greater
curiosity,32131,1.0,3.0,2.0,useful_discoveries,greater
curiosity,32184,0.0,3.0,3.0,useful_discoveries,greater
curiosity,32237,1.0,2.0,1.0,useful_discoveries,greater
curiosity,32290,2.0,2.0,0.0,useful_discoveries,greater
curiosity,32343,1.0,3.0,2.0,useful_discoveries,greater
curiosity,32396,1.0,2.0,1.0,useful_discoveries,greater
curiosity,32449,1.0,4.0,3.0,useful_discoveries,greater
curiosity,32502,1.0,2.0,1.0,useful_discoveries,greater
curiosity,32555,1.0,2.0,1.0,useful_discoveries,greater
curiosity,32608,1.0,3.0,2.0,useful_discoveries,greater
curiosity,32661,1.0,1.0,0.0,useful_discoveries,greater
curiosity,32714,1.0,3.0,2.0,useful_discoveries,greater
curiosity,32767,0.0,1.0,1.0,useful_discoveries,greater
curiosity,32820,1.0,2.0,1.0,useful_discoveries,greater
curiosity,32873,1.0,3.0,2.0,useful_discoveries,greater
curiosity,32926,1.0,3.0,2.0,useful_discoveries,greater
curiosity,32979,2.0,2.0,0.0,useful_discoveries,greater
curiosity,33032,1.0,2.0,1.0,useful_discoveries,greater
curiosity,33085,1.0,2.0,1.0,useful_discoveries,greater
curiosity,33138,1.0,3.0,2.0,useful_discoveries,greater
intuition,30011,1.0,0.50964,-0.49036,decision_cost,less
intuition,30064,1.0,0.49651999999999985,-0.5034800000000001,decision_cost,less
intuition,30117,1.0,0.53506,-0.46494,decision_cost,less
intuition,30170,1.0,0.5399799999999999,-0.4600200000000001,decision_cost,less
intuition,30223,1.0,0.5268599999999999,-0.4731400000000001,decision_cost,less
intuition,30276,1.0,0.4374799999999999,-0.5625200000000001,decision_cost,less
intuition,30329,1.0,0.5465399999999999,-0.4534600000000001,decision_cost,less
intuition,30382,1.0,0.45224,-0.54776,decision_cost,less
intuition,30435,1.0,0.47683999999999993,-0.5231600000000001,decision_cost,less
intuition,30488,1.0,0.5079999999999999,-0.4920000000000001,decision_cost,less
intuition,30541,1.0,0.5612999999999999,-0.4387000000000001,decision_cost,less
intuition,30594,1.0,0.42763999999999996,-0.57236,decision_cost,less
intuition,30647,1.0,0.4629,-0.5371,decision_cost,less
intuition,30700,1.0,0.467,-0.5329999999999999,decision_cost,less
intuition,30753,1.0,0.4284599999999999,-0.5715400000000002,decision_cost,less
intuition,30806,1.0,0.6227999999999999,-0.3772000000000001,decision_cost,less
intuition,30859,1.0,0.4489599999999999,-0.5510400000000001,decision_cost,less
intuition,30912,1.0,0.6145999999999999,-0.3854000000000001,decision_cost,less
intuition,30965,1.0,0.4169799999999999,-0.5830200000000001,decision_cost,less
intuition,31018,1.0,0.46043999999999996,-0.53956,decision_cost,less
intuition,31071,1.0,0.47273999999999994,-0.5272600000000001,decision_cost,less
intuition,31124,1.0,0.38909999999999995,-0.6109,decision_cost,less
intuition,31177,1.0,0.48667999999999995,-0.51332,decision_cost,less
intuition,31230,1.0,0.46043999999999996,-0.53956,decision_cost,less
intuition,31283,1.0,0.40057999999999994,-0.5994200000000001,decision_cost,less
intuition,31336,1.0,0.6145999999999999,-0.3854000000000001,decision_cost,less
intuition,31389,1.0,0.42435999999999996,-0.57564,decision_cost,less
intuition,31442,1.0,0.49405999999999994,-0.5059400000000001,decision_cost,less
intuition,31495,1.0,0.50308,-0.49692000000000003,decision_cost,less
intuition,31548,1.0,0.5014399999999999,-0.4985600000000001,decision_cost,less
intuition,31601,1.0,0.46126,-0.53874,decision_cost,less
intuition,31654,1.0,0.46617999999999993,-0.5338200000000001,decision_cost,less
intuition,31707,1.0,0.34728,-0.65272,decision_cost,less
intuition,31760,1.0,0.3727,-0.6273,decision_cost,less
intuition,31813,1.0,0.5301399999999998,-0.46986000000000017,decision_cost,less
intuition,31866,1.0,0.49979999999999997,-0.5002,decision_cost,less
intuition,31919,1.0,0.5555599999999999,-0.44444000000000006,decision_cost,less
intuition,31972,1.0,0.4087799999999999,-0.5912200000000001,decision_cost,less
intuition,32025,1.0,0.46617999999999993,-0.5338200000000001,decision_cost,less
intuition,32078,1.0,0.42928,-0.57072,decision_cost,less
intuition,32131,1.0,0.51784,-0.48216000000000003,decision_cost,less
intuition,32184,1.0,0.5629399999999998,-0.4370600000000002,decision_cost,less
intuition,32237,1.0,0.49815999999999994,-0.5018400000000001,decision_cost,less
intuition,32290,1.0,0.46945999999999993,-0.53054,decision_cost,less
intuition,32343,1.0,0.5317799999999999,-0.4682200000000001,decision_cost,less
intuition,32396,1.0,0.40795999999999993,-0.5920400000000001,decision_cost,less
intuition,32449,1.0,0.52604,-0.47396000000000005,decision_cost,less
intuition,32502,1.0,0.40057999999999994,-0.5994200000000001,decision_cost,less
intuition,32555,1.0,0.5145599999999999,-0.4854400000000001,decision_cost,less
intuition,32608,1.0,0.39237999999999995,-0.60762,decision_cost,less
intuition,32661,1.0,0.4563399999999999,-0.54366,decision_cost,less
intuition,32714,1.0,0.58426,-0.41574,decision_cost,less
intuition,32767,1.0,0.46945999999999993,-0.53054,decision_cost,less
intuition,32820,1.0,0.5317799999999998,-0.4682200000000002,decision_cost,less
intuition,32873,1.0,0.3964799999999999,-0.6035200000000001,decision_cost,less
intuition,32926,1.0,0.4997999999999999,-0.5002000000000001,decision_cost,less
intuition,32979,1.0,0.54818,-0.45182,decision_cost,less
intuition,33032,1.0,0.4989799999999999,-0.50102,decision_cost,less
intuition,33085,1.0,0.5768799999999998,-0.42312000000000016,decision_cost,less
intuition,33138,1.0,0.49077999999999994,-0.50922,decision_cost,less
bootstrapping,30011,0.7257142857142858,0.8942857142857142,0.16857142857142848,fewshot_accuracy,greater
bootstrapping,30064,0.62,0.8828571428571429,0.2628571428571429,fewshot_accuracy,greater
bootstrapping,30117,0.6714285714285714,0.8885714285714286,0.2171428571428572,fewshot_accuracy,greater
bootstrapping,30170,0.7714285714285715,0.8857142857142857,0.11428571428571421,fewshot_accuracy,greater
bootstrapping,30223,0.6857142857142857,0.88,0.19428571428571428,fewshot_accuracy,greater
bootstrapping,30276,0.7571428571428571,0.88,0.12285714285714289,fewshot_accuracy,greater
bootstrapping,30329,0.6685714285714286,0.8542857142857143,0.18571428571428572,fewshot_accuracy,greater
bootstrapping,30382,0.5685714285714286,0.8628571428571429,0.29428571428571426,fewshot_accuracy,greater
bootstrapping,30435,0.76,0.8714285714285714,0.11142857142857143,fewshot_accuracy,greater
bootstrapping,30488,0.74,0.8771428571428571,0.13714285714285712,fewshot_accuracy,greater
bootstrapping,30541,0.6171428571428571,0.8628571428571429,0.24571428571428577,fewshot_accuracy,greater
bootstrapping,30594,0.7885714285714286,0.8714285714285714,0.08285714285714285,fewshot_accuracy,greater
bootstrapping,30647,0.6571428571428571,0.8657142857142858,0.20857142857142863,fewshot_accuracy,greater
bootstrapping,30700,0.7171428571428572,0.8742857142857143,0.15714285714285714,fewshot_accuracy,greater
bootstrapping,30753,0.5857142857142857,0.8742857142857143,0.2885714285714286,fewshot_accuracy,greater
bootstrapping,30806,0.6885714285714286,0.8628571428571429,0.17428571428571427,fewshot_accuracy,greater
bootstrapping,30859,0.7914285714285715,0.8685714285714285,0.07714285714285707,fewshot_accuracy,greater
bootstrapping,30912,0.7257142857142858,0.8742857142857143,0.14857142857142858,fewshot_accuracy,greater
bootstrapping,30965,0.64,0.86,0.21999999999999997,fewshot_accuracy,greater
bootstrapping,31018,0.7628571428571429,0.8857142857142857,0.12285714285714278,fewshot_accuracy,greater
bootstrapping,31071,0.76,0.8628571428571429,0.10285714285714287,fewshot_accuracy,greater
bootstrapping,31124,0.7971428571428572,0.8657142857142858,0.06857142857142862,fewshot_accuracy,greater
bootstrapping,31177,0.72,0.8942857142857142,0.17428571428571427,fewshot_accuracy,greater
bootstrapping,31230,0.8228571428571428,0.8685714285714285,0.04571428571428571,fewshot_accuracy,greater
bootstrapping,31283,0.7542857142857143,0.84,0.08571428571428563,fewshot_accuracy,greater
bootstrapping,31336,0.78,0.8714285714285714,0.09142857142857141,fewshot_accuracy,greater
bootstrapping,31389,0.8057142857142857,0.8942857142857142,0.08857142857142852,fewshot_accuracy,greater
bootstrapping,31442,0.7742857142857142,0.8342857142857143,0.06000000000000005,fewshot_accuracy,greater
bootstrapping,31495,0.7628571428571429,0.88,0.1171428571428571,fewshot_accuracy,greater
bootstrapping,31548,0.6914285714285714,0.8885714285714286,0.19714285714285718,fewshot_accuracy,greater
bootstrapping,31601,0.8,0.8571428571428571,0.05714285714285705,fewshot_accuracy,greater
bootstrapping,31654,0.7085714285714285,0.8342857142857143,0.12571428571428578,fewshot_accuracy,greater
bootstrapping,31707,0.8142857142857143,0.8857142857142857,0.0714285714285714,fewshot_accuracy,greater
bootstrapping,31760,0.6457142857142857,0.8342857142857143,0.1885714285714286,fewshot_accuracy,greater
bootstrapping,31813,0.7228571428571429,0.8314285714285714,0.10857142857142854,fewshot_accuracy,greater
bootstrapping,31866,0.5114285714285715,0.8771428571428571,0.36571428571428566,fewshot_accuracy,greater
bootstrapping,31919,0.7428571428571429,0.8228571428571428,0.07999999999999996,fewshot_accuracy,greater
bootstrapping,31972,0.6057142857142858,0.8857142857142857,0.2799999999999999,fewshot_accuracy,greater
bootstrapping,32025,0.6085714285714285,0.8971428571428571,0.2885714285714286,fewshot_accuracy,greater
bootstrapping,32078,0.7628571428571429,0.8771428571428571,0.11428571428571421,fewshot_accuracy,greater
bootstrapping,32131,0.6942857142857143,0.7514285714285714,0.05714285714285716,fewshot_accuracy,greater
bootstrapping,32184,0.7085714285714285,0.8971428571428571,0.1885714285714286,fewshot_accuracy,greater
bootstrapping,32237,0.6371428571428571,0.8742857142857143,0.2371428571428572,fewshot_accuracy,greater
bootstrapping,32290,0.8342857142857143,0.8942857142857142,0.05999999999999994,fewshot_accuracy,greater
bootstrapping,32343,0.6771428571428572,0.8742857142857143,0.19714285714285718,fewshot_accuracy,greater
bootstrapping,32396,0.76,0.8571428571428571,0.09714285714285709,fewshot_accuracy,greater
bootstrapping,32449,0.8085714285714286,0.8885714285714286,0.07999999999999996,fewshot_accuracy,greater
bootstrapping,32502,0.66,0.8,0.14,fewshot_accuracy,greater
bootstrapping,32555,0.6114285714285714,0.8514285714285714,0.24,fewshot_accuracy,greater
bootstrapping,32608,0.6942857142857143,0.86,0.1657142857142857,fewshot_accuracy,greater
bootstrapping,32661,0.66,0.84,0.17999999999999994,fewshot_accuracy,greater
bootstrapping,32714,0.76,0.8771428571428571,0.1171428571428571,fewshot_accuracy,greater
bootstrapping,32767,0.84,0.8942857142857142,0.05428571428571427,fewshot_accuracy,greater
bootstrapping,32820,0.7371428571428571,0.86,0.12285714285714289,fewshot_accuracy,greater
bootstrapping,32873,0.7971428571428572,0.8771428571428571,0.07999999999999996,fewshot_accuracy,greater
bootstrapping,32926,0.6371428571428571,0.8914285714285715,0.25428571428571434,fewshot_accuracy,greater
bootstrapping,32979,0.6457142857142857,0.8657142857142858,0.22000000000000008,fewshot_accuracy,greater
bootstrapping,33032,0.6457142857142857,0.9314285714285714,0.2857142857142857,fewshot_accuracy,greater
bootstrapping,33085,0.7428571428571429,0.8542857142857143,0.11142857142857143,fewshot_accuracy,greater
bootstrapping,33138,0.6514285714285715,0.88,0.22857142857142854,fewshot_accuracy,greater
shared_gltm,30011,0.5666666666666667,0.7933333333333333,0.22666666666666668,novice_accuracy,greater
shared_gltm,30064,0.5,0.82,0.31999999999999995,novice_accuracy,greater
shared_gltm,30117,0.5,0.82,0.31999999999999995,novice_accuracy,greater
shared_gltm,30170,0.5266666666666666,0.7733333333333333,0.2466666666666667,novice_accuracy,greater
shared_gltm,30223,0.54,0.8066666666666666,0.2666666666666666,novice_accuracy,greater
shared_gltm,30276,0.5,0.7933333333333333,0.29333333333333333,novice_accuracy,greater
shared_gltm,30329,0.5466666666666666,0.8266666666666667,0.28,novice_accuracy,greater
shared_gltm,30382,0.4666666666666667,0.7866666666666666,0.31999999999999995,novice_accuracy,greater
shared_gltm,30435,0.54,0.7866666666666666,0.2466666666666666,novice_accuracy,greater
shared_gltm,30488,0.6133333333333333,0.8733333333333333,0.26,novice_accuracy,greater
shared_gltm,30541,0.5333333333333333,0.8,0.2666666666666667,novice_accuracy,greater
shared_gltm,30594,0.5266666666666666,0.7933333333333333,0.2666666666666667,novice_accuracy,greater
shared_gltm,30647,0.58,0.86,0.28,novice_accuracy,greater
shared_gltm,30700,0.58,0.8,0.22000000000000008,novice_accuracy,greater
shared_gltm,30753,0.49333333333333335,0.8,0.3066666666666667,novice_accuracy,greater
shared_gltm,30806,0.54,0.86,0.31999999999999995,novice_accuracy,greater
shared_gltm,30859,0.5333333333333333,0.8866666666666667,0.3533333333333334,novice_accuracy,greater
shared_gltm,30912,0.56,0.8266666666666667,0.2666666666666666,novice_accuracy,greater
shared_gltm,30965,0.52,0.8466666666666667,0.32666666666666666,novice_accuracy,greater
shared_gltm,31018,0.5466666666666666,0.8133333333333334,0.2666666666666667,novice_accuracy,greater
shared_gltm,31071,0.5,0.82,0.31999999999999995,novice_accuracy,greater
shared_gltm,31124,0.5133333333333333,0.8133333333333334,0.30000000000000004,novice_accuracy,greater
shared_gltm,31177,0.48,0.8266666666666667,0.3466666666666667,novice_accuracy,greater
shared_gltm,31230,0.49333333333333335,0.8333333333333334,0.34,novice_accuracy,greater
shared_gltm,31283,0.5666666666666667,0.8,0.2333333333333334,novice_accuracy,greater
shared_gltm,31336,0.6066666666666667,0.88,0.2733333333333333,novice_accuracy,greater
shared_gltm,31389,0.5066666666666667,0.8266666666666667,0.31999999999999995,novice_accuracy,greater
shared_gltm,31442,0.5066666666666667,0.8533333333333334,0.3466666666666667,novice_accuracy,greater
shared_gltm,31495,0.48,0.8066666666666666,0.32666666666666666,novice_accuracy,greater
shared_gltm,31548,0.5133333333333333,0.8,0.28666666666666674,novice_accuracy,greater
shared_gltm,31601,0.54,0.84,0.29999999999999993,novice_accuracy,greater
shared_gltm,31654,0.5533333333333333,0.88,0.32666666666666666,novice_accuracy,greater
shared_gltm,31707,0.4666666666666667,0.8133333333333334,0.3466666666666667,novice_accuracy,greater
shared_gltm,31760,0.5266666666666666,0.86,0.33333333333333337,novice_accuracy,greater
shared_gltm,31813,0.5333333333333333,0.8733333333333333,0.33999999999999997,novice_accuracy,greater
shared_gltm,31866,0.5133333333333333,0.82,0.30666666666666664,novice_accuracy,greater
shared_gltm,31919,0.5466666666666666,0.8333333333333334,0.28666666666666674,novice_accuracy,greater
shared_gltm,31972,0.42,0.86,0.44,novice_accuracy,greater
shared_gltm,32025,0.48,0.82,0.33999999999999997,novice_accuracy,greater
shared_gltm,32078,0.5333333333333333,0.8533333333333334,0.32000000000000006,novice_accuracy,greater
shared_gltm,32131,0.5066666666666667,0.86,0.3533333333333333,novice_accuracy,greater
shared_gltm,32184,0.5333333333333333,0.8066666666666666,0.2733333333333333,novice_accuracy,greater
shared_gltm,32237,0.54,0.8333333333333334,0.29333333333333333,novice_accuracy,greater
shared_gltm,32290,0.5133333333333333,0.82,0.30666666666666664,novice_accuracy,greater
shared_gltm,32343,0.56,0.78,0.21999999999999997,novice_accuracy,greater
shared_gltm,32396,0.5533333333333333,0.8,0.2466666666666667,novice_accuracy,greater
shared_gltm,32449,0.52,0.8066666666666666,0.2866666666666666,novice_accuracy,greater
shared_gltm,32502,0.5066666666666667,0.7866666666666666,0.2799999999999999,novice_accuracy,greater
shared_gltm,32555,0.54,0.8066666666666666,0.2666666666666666,novice_accuracy,greater
shared_gltm,32608,0.4866666666666667,0.7933333333333333,0.30666666666666664,novice_accuracy,greater
shared_gltm,32661,0.6066666666666667,0.82,0.21333333333333326,novice_accuracy,greater
shared_gltm,32714,0.48,0.76,0.28,novice_accuracy,greater
shared_gltm,32767,0.5333333333333333,0.8733333333333333,0.33999999999999997,novice_accuracy,greater
shared_gltm,32820,0.5,0.8266666666666667,0.32666666666666666,novice_accuracy,greater
shared_gltm,32873,0.56,0.7866666666666666,0.22666666666666657,novice_accuracy,greater
shared_gltm,32926,0.6066666666666667,0.8066666666666666,0.19999999999999996,novice_accuracy,greater
shared_gltm,32979,0.5066666666666667,0.84,0.33333333333333326,novice_accuracy,greater
shared_gltm,33032,0.5733333333333334,0.8333333333333334,0.26,novice_accuracy,greater
shared_gltm,33085,0.5266666666666666,0.8333333333333334,0.30666666666666675,novice_accuracy,greater
shared_gltm,33138,0.48,0.8533333333333334,0.3733333333333334,novice_accuracy,greater
validator_reflection,30011,0.016666666666666666,0.0018333333333333333,-0.014833333333333334,unsafe_execution_rate,less
validator_reflection,30064,0.019166666666666665,0.0008333333333333334,-0.018333333333333333,unsafe_execution_rate,less
validator_reflection,30117,0.0205,0.0003333333333333333,-0.020166666666666666,unsafe_execution_rate,less
validator_reflection,30170,0.015166666666666667,0.0006666666666666666,-0.0145,unsafe_execution_rate,less
validator_reflection,30223,0.0215,0.0006666666666666666,-0.020833333333333332,unsafe_execution_rate,less
validator_reflection,30276,0.018,0.0008333333333333334,-0.017166666666666667,unsafe_execution_rate,less
validator_reflection,30329,0.020833333333333332,0.0011666666666666668,-0.019666666666666666,unsafe_execution_rate,less
validator_reflection,30382,0.01633333333333333,0.0016666666666666668,-0.014666666666666665,unsafe_execution_rate,less
validator_reflection,30435,0.016166666666666666,0.0018333333333333333,-0.014333333333333333,unsafe_execution_rate,less
validator_reflection,30488,0.0195,0.002,-0.0175,unsafe_execution_rate,less
validator_reflection,30541,0.016666666666666666,0.0006666666666666666,-0.016,unsafe_execution_rate,less
validator_reflection,30594,0.016166666666666666,0.0003333333333333333,-0.01583333333333333,unsafe_execution_rate,less
validator_reflection,30647,0.017166666666666667,0.001,-0.016166666666666666,unsafe_execution_rate,less
validator_reflection,30700,0.0165,0.0013333333333333333,-0.015166666666666667,unsafe_execution_rate,less
validator_reflection,30753,0.015,0.0015,-0.0135,unsafe_execution_rate,less
validator_reflection,30806,0.015166666666666667,0.001,-0.014166666666666668,unsafe_execution_rate,less
validator_reflection,30859,0.020166666666666666,0.0006666666666666666,-0.0195,unsafe_execution_rate,less
validator_reflection,30912,0.0165,0.0015,-0.015000000000000001,unsafe_execution_rate,less
validator_reflection,30965,0.017833333333333333,0.0006666666666666666,-0.017166666666666667,unsafe_execution_rate,less
validator_reflection,31018,0.016666666666666666,0.0011666666666666668,-0.0155,unsafe_execution_rate,less
validator_reflection,31071,0.018166666666666668,0.0003333333333333333,-0.017833333333333333,unsafe_execution_rate,less
validator_reflection,31124,0.019666666666666666,0.0011666666666666668,-0.0185,unsafe_execution_rate,less
validator_reflection,31177,0.017666666666666667,0.0018333333333333333,-0.015833333333333335,unsafe_execution_rate,less
validator_reflection,31230,0.017,0.0015,-0.015500000000000002,unsafe_execution_rate,less
validator_reflection,31283,0.018333333333333333,0.0006666666666666666,-0.017666666666666667,unsafe_execution_rate,less
validator_reflection,31336,0.020833333333333332,0.0015,-0.01933333333333333,unsafe_execution_rate,less
validator_reflection,31389,0.0205,0.002,-0.018500000000000003,unsafe_execution_rate,less
validator_reflection,31442,0.016666666666666666,0.0006666666666666666,-0.016,unsafe_execution_rate,less
validator_reflection,31495,0.016166666666666666,0.0011666666666666668,-0.015,unsafe_execution_rate,less
validator_reflection,31548,0.0155,0.001,-0.014499999999999999,unsafe_execution_rate,less
validator_reflection,31601,0.017666666666666667,0.0015,-0.016166666666666666,unsafe_execution_rate,less
validator_reflection,31654,0.016,0.0011666666666666668,-0.014833333333333334,unsafe_execution_rate,less
validator_reflection,31707,0.0195,0.001,-0.0185,unsafe_execution_rate,less
validator_reflection,31760,0.019833333333333335,0.0013333333333333333,-0.018500000000000003,unsafe_execution_rate,less
validator_reflection,31813,0.0175,0.0013333333333333333,-0.01616666666666667,unsafe_execution_rate,less
validator_reflection,31866,0.0155,0.0011666666666666668,-0.014333333333333333,unsafe_execution_rate,less
validator_reflection,31919,0.017,0.0015,-0.015500000000000002,unsafe_execution_rate,less
validator_reflection,31972,0.015666666666666666,0.0006666666666666666,-0.015,unsafe_execution_rate,less
validator_reflection,32025,0.018333333333333333,0.001,-0.017333333333333333,unsafe_execution_rate,less
validator_reflection,32078,0.019,0.0015,-0.017499999999999998,unsafe_execution_rate,less
validator_reflection,32131,0.017666666666666667,0.0006666666666666666,-0.017,unsafe_execution_rate,less
validator_reflection,32184,0.016666666666666666,0.0016666666666666668,-0.015,unsafe_execution_rate,less
validator_reflection,32237,0.017833333333333333,0.0006666666666666666,-0.017166666666666667,unsafe_execution_rate,less
validator_reflection,32290,0.018833333333333334,0.0013333333333333333,-0.0175,unsafe_execution_rate,less
validator_reflection,32343,0.014333333333333333,0.0013333333333333333,-0.013,unsafe_execution_rate,less
validator_reflection,32396,0.014166666666666666,0.0018333333333333333,-0.012333333333333333,unsafe_execution_rate,less
validator_reflection,32449,0.0145,0.001,-0.013500000000000002,unsafe_execution_rate,less
validator_reflection,32502,0.018333333333333333,0.0005,-0.017833333333333333,unsafe_execution_rate,less
validator_reflection,32555,0.019333333333333334,0.0011666666666666668,-0.018166666666666668,unsafe_execution_rate,less
validator_reflection,32608,0.019833333333333335,0.0016666666666666668,-0.018166666666666668,unsafe_execution_rate,less
validator_reflection,32661,0.020166666666666666,0.0006666666666666666,-0.0195,unsafe_execution_rate,less
validator_reflection,32714,0.019,0.0016666666666666668,-0.017333333333333333,unsafe_execution_rate,less
validator_reflection,32767,0.0185,0.0011666666666666668,-0.017333333333333333,unsafe_execution_rate,less
validator_reflection,32820,0.018666666666666668,0.0011666666666666668,-0.0175,unsafe_execution_rate,less
validator_reflection,32873,0.017333333333333333,0.0023333333333333335,-0.015,unsafe_execution_rate,less
validator_reflection,32926,0.018666666666666668,0.0013333333333333333,-0.017333333333333336,unsafe_execution_rate,less
validator_reflection,32979,0.019666666666666666,0.001,-0.018666666666666665,unsafe_execution_rate,less
validator_reflection,33032,0.0185,0.0005,-0.018,unsafe_execution_rate,less
validator_reflection,33085,0.021,0.0018333333333333333,-0.01916666666666667,unsafe_execution_rate,less
validator_reflection,33138,0.019666666666666666,0.0018333333333333333,-0.017833333333333333,unsafe_execution_rate,less
truth_conflict,30011,0.8666666666666667,0.9166666666666666,0.04999999999999993,final_fact_accuracy,greater
truth_conflict,30064,0.8222222222222222,0.9444444444444444,0.12222222222222223,final_fact_accuracy,greater
truth_conflict,30117,0.8333333333333334,0.9333333333333333,0.09999999999999998,final_fact_accuracy,greater
truth_conflict,30170,0.9222222222222223,0.9722222222222222,0.04999999999999993,final_fact_accuracy,greater
truth_conflict,30223,0.85,0.9388888888888889,0.0888888888888889,final_fact_accuracy,greater
truth_conflict,30276,0.9,0.9722222222222222,0.07222222222222219,final_fact_accuracy,greater
truth_conflict,30329,0.9111111111111111,0.9611111111111111,0.050000000000000044,final_fact_accuracy,greater
truth_conflict,30382,0.8277777777777777,0.9222222222222223,0.09444444444444455,final_fact_accuracy,greater
truth_conflict,30435,0.8611111111111112,0.9611111111111111,0.09999999999999998,final_fact_accuracy,greater
truth_conflict,30488,0.8444444444444444,0.9222222222222223,0.07777777777777783,final_fact_accuracy,greater
truth_conflict,30541,0.9,0.9666666666666667,0.06666666666666665,final_fact_accuracy,greater
truth_conflict,30594,0.8944444444444445,0.9555555555555556,0.061111111111111116,final_fact_accuracy,greater
truth_conflict,30647,0.9,0.9611111111111111,0.061111111111111116,final_fact_accuracy,greater
truth_conflict,30700,0.8611111111111112,0.95,0.0888888888888888,final_fact_accuracy,greater
truth_conflict,30753,0.8722222222222222,0.95,0.07777777777777772,final_fact_accuracy,greater
truth_conflict,30806,0.8611111111111112,0.9555555555555556,0.09444444444444444,final_fact_accuracy,greater
truth_conflict,30859,0.8277777777777777,0.9,0.0722222222222223,final_fact_accuracy,greater
truth_conflict,30912,0.85,0.95,0.09999999999999998,final_fact_accuracy,greater
truth_conflict,30965,0.8611111111111112,0.9277777777777778,0.06666666666666665,final_fact_accuracy,greater
truth_conflict,31018,0.8666666666666667,0.9388888888888889,0.07222222222222219,final_fact_accuracy,greater
truth_conflict,31071,0.8777777777777778,0.9555555555555556,0.07777777777777783,final_fact_accuracy,greater
truth_conflict,31124,0.8888888888888888,0.95,0.061111111111111116,final_fact_accuracy,greater
truth_conflict,31177,0.8333333333333334,0.9111111111111111,0.07777777777777772,final_fact_accuracy,greater
truth_conflict,31230,0.8277777777777777,0.9055555555555556,0.07777777777777783,final_fact_accuracy,greater
truth_conflict,31283,0.8666666666666667,0.9666666666666667,0.09999999999999998,final_fact_accuracy,greater
truth_conflict,31336,0.9111111111111111,0.9666666666666667,0.05555555555555558,final_fact_accuracy,greater
truth_conflict,31389,0.8722222222222222,0.9666666666666667,0.09444444444444444,final_fact_accuracy,greater
truth_conflict,31442,0.85,0.9444444444444444,0.09444444444444444,final_fact_accuracy,greater
truth_conflict,31495,0.8555555555555555,0.9444444444444444,0.0888888888888889,final_fact_accuracy,greater
truth_conflict,31548,0.9055555555555556,0.9611111111111111,0.05555555555555558,final_fact_accuracy,greater
truth_conflict,31601,0.8611111111111112,0.9611111111111111,0.09999999999999998,final_fact_accuracy,greater
truth_conflict,31654,0.8388888888888889,0.9333333333333333,0.09444444444444444,final_fact_accuracy,greater
truth_conflict,31707,0.8666666666666667,0.9444444444444444,0.07777777777777772,final_fact_accuracy,greater
truth_conflict,31760,0.8833333333333333,0.9611111111111111,0.07777777777777783,final_fact_accuracy,greater
truth_conflict,31813,0.8611111111111112,0.95,0.0888888888888888,final_fact_accuracy,greater
truth_conflict,31866,0.8888888888888888,0.9666666666666667,0.07777777777777783,final_fact_accuracy,greater
truth_conflict,31919,0.8388888888888889,0.9444444444444444,0.10555555555555551,final_fact_accuracy,greater
truth_conflict,31972,0.8944444444444445,0.9555555555555556,0.061111111111111116,final_fact_accuracy,greater
truth_conflict,32025,0.8611111111111112,0.9555555555555556,0.09444444444444444,final_fact_accuracy,greater
truth_conflict,32078,0.8944444444444445,0.9611111111111111,0.06666666666666665,final_fact_accuracy,greater
truth_conflict,32131,0.8666666666666667,0.9722222222222222,0.10555555555555551,final_fact_accuracy,greater
truth_conflict,32184,0.8944444444444445,0.9444444444444444,0.04999999999999993,final_fact_accuracy,greater
truth_conflict,32237,0.8888888888888888,0.9555555555555556,0.06666666666666676,final_fact_accuracy,greater
truth_conflict,32290,0.8611111111111112,0.9888888888888889,0.12777777777777777,final_fact_accuracy,greater
truth_conflict,32343,0.8722222222222222,0.9666666666666667,0.09444444444444444,final_fact_accuracy,greater
truth_conflict,32396,0.8611111111111112,0.9444444444444444,0.08333333333333326,final_fact_accuracy,greater
truth_conflict,32449,0.8833333333333333,0.9611111111111111,0.07777777777777783,final_fact_accuracy,greater
truth_conflict,32502,0.8666666666666667,0.9555555555555556,0.0888888888888889,final_fact_accuracy,greater
truth_conflict,32555,0.8944444444444445,0.9777777777777777,0.08333333333333326,final_fact_accuracy,greater
truth_conflict,32608,0.8555555555555555,0.9444444444444444,0.0888888888888889,final_fact_accuracy,greater
truth_conflict,32661,0.8722222222222222,0.9444444444444444,0.07222222222222219,final_fact_accuracy,greater
truth_conflict,32714,0.8666666666666667,0.9555555555555556,0.0888888888888889,final_fact_accuracy,greater
truth_conflict,32767,0.8388888888888889,0.9277777777777778,0.0888888888888889,final_fact_accuracy,greater
truth_conflict,32820,0.8833333333333333,0.9388888888888889,0.05555555555555558,final_fact_accuracy,greater
truth_conflict,32873,0.8833333333333333,0.95,0.06666666666666665,final_fact_accuracy,greater
truth_conflict,32926,0.8444444444444444,0.9222222222222223,0.07777777777777783,final_fact_accuracy,greater
truth_conflict,32979,0.8666666666666667,0.95,0.08333333333333326,final_fact_accuracy,greater
truth_conflict,33032,0.8444444444444444,0.9388888888888889,0.09444444444444444,final_fact_accuracy,greater
truth_conflict,33085,0.8388888888888889,0.95,0.11111111111111105,final_fact_accuracy,greater
truth_conflict,33138,0.85,0.9277777777777778,0.07777777777777783,final_fact_accuracy,greater
dream_rehearsal,30011,0.4604166666666667,0.9750000000000001,0.5145833333333334,composition_accuracy,greater
dream_rehearsal,30064,0.3854166666666667,0.9916666666666667,0.60625,composition_accuracy,greater
dream_rehearsal,30117,0.28125,0.9083333333333333,0.6270833333333333,composition_accuracy,greater
dream_rehearsal,30170,0.25,0.8645833333333333,0.6145833333333333,composition_accuracy,greater
dream_rehearsal,30223,0.36875,0.8833333333333333,0.5145833333333333,composition_accuracy,greater
dream_rehearsal,30276,0.12708333333333333,0.9750000000000001,0.8479166666666668,composition_accuracy,greater
dream_rehearsal,30329,0.34375,0.9375,0.59375,composition_accuracy,greater
dream_rehearsal,30382,0.12708333333333333,0.9104166666666667,0.7833333333333333,composition_accuracy,greater
dream_rehearsal,30435,0.18958333333333333,0.74375,0.5541666666666667,composition_accuracy,greater
dream_rehearsal,30488,0.24583333333333332,0.7791666666666667,0.5333333333333333,composition_accuracy,greater
dream_rehearsal,30541,0.39166666666666666,0.7979166666666667,0.40625000000000006,composition_accuracy,greater
dream_rehearsal,30594,0.25,0.6916666666666667,0.44166666666666665,composition_accuracy,greater
dream_rehearsal,30647,0.59375,0.8541666666666667,0.26041666666666674,composition_accuracy,greater
dream_rehearsal,30700,0.48125,0.8541666666666667,0.37291666666666673,composition_accuracy,greater
dream_rehearsal,30753,0.5416666666666667,1.0,0.45833333333333326,composition_accuracy,greater
dream_rehearsal,30806,0.12916666666666665,0.9583333333333334,0.8291666666666667,composition_accuracy,greater
dream_rehearsal,30859,0.24583333333333335,0.85,0.6041666666666666,composition_accuracy,greater
dream_rehearsal,30912,0.19375,0.83125,0.6375000000000001,composition_accuracy,greater
dream_rehearsal,30965,0.3458333333333333,0.9041666666666667,0.5583333333333333,composition_accuracy,greater
dream_rehearsal,31018,0.175,0.7645833333333334,0.5895833333333333,composition_accuracy,greater
dream_rehearsal,31071,0.36458333333333337,0.6854166666666667,0.3208333333333333,composition_accuracy,greater
dream_rehearsal,31124,0.24375,0.7541666666666667,0.5104166666666666,composition_accuracy,greater
dream_rehearsal,31177,0.5041666666666667,0.7833333333333334,0.2791666666666668,composition_accuracy,greater
dream_rehearsal,31230,0.15833333333333333,0.7645833333333334,0.6062500000000001,composition_accuracy,greater
dream_rehearsal,31283,0.175,0.9354166666666667,0.7604166666666667,composition_accuracy,greater
dream_rehearsal,31336,0.2520833333333333,0.875,0.6229166666666667,composition_accuracy,greater
dream_rehearsal,31389,0.14583333333333334,0.8979166666666667,0.7520833333333333,composition_accuracy,greater
dream_rehearsal,31442,0.25625,0.8020833333333333,0.5458333333333333,composition_accuracy,greater
dream_rehearsal,31495,0.6166666666666667,0.8,0.18333333333333335,composition_accuracy,greater
dream_rehearsal,31548,0.20625,0.9229166666666666,0.7166666666666666,composition_accuracy,greater
dream_rehearsal,31601,0.4145833333333333,0.99375,0.5791666666666667,composition_accuracy,greater
dream_rehearsal,31654,0.32291666666666663,0.5875,0.2645833333333334,composition_accuracy,greater
dream_rehearsal,31707,0.5062500000000001,0.95,0.44374999999999987,composition_accuracy,greater
dream_rehearsal,31760,0.6125,0.89375,0.28125,composition_accuracy,greater
dream_rehearsal,31813,0.44166666666666665,0.8604166666666667,0.41875000000000007,composition_accuracy,greater
dream_rehearsal,31866,0.40625,0.8520833333333333,0.4458333333333333,composition_accuracy,greater
dream_rehearsal,31919,0.375,0.6708333333333334,0.2958333333333334,composition_accuracy,greater
dream_rehearsal,31972,0.2791666666666667,0.875,0.5958333333333333,composition_accuracy,greater
dream_rehearsal,32025,0.3770833333333333,0.8374999999999999,0.4604166666666666,composition_accuracy,greater
dream_rehearsal,32078,0.18958333333333333,0.8645833333333334,0.675,composition_accuracy,greater
dream_rehearsal,32131,0.39583333333333337,0.7270833333333333,0.33124999999999993,composition_accuracy,greater
dream_rehearsal,32184,0.3,0.91875,0.6187499999999999,composition_accuracy,greater
dream_rehearsal,32237,0.34791666666666665,0.8833333333333333,0.5354166666666667,composition_accuracy,greater
dream_rehearsal,32290,0.36458333333333337,0.9979166666666667,0.6333333333333333,composition_accuracy,greater
dream_rehearsal,32343,0.5145833333333334,0.9083333333333333,0.39374999999999993,composition_accuracy,greater
dream_rehearsal,32396,0.32708333333333334,0.875,0.5479166666666666,composition_accuracy,greater
dream_rehearsal,32449,0.5166666666666666,0.9083333333333334,0.39166666666666683,composition_accuracy,greater
dream_rehearsal,32502,0.375,0.9916666666666667,0.6166666666666667,composition_accuracy,greater
dream_rehearsal,32555,0.2604166666666667,0.9791666666666667,0.71875,composition_accuracy,greater
dream_rehearsal,32608,0.2625,0.6979166666666667,0.43541666666666673,composition_accuracy,greater
dream_rehearsal,32661,0.29583333333333334,0.9645833333333333,0.66875,composition_accuracy,greater
dream_rehearsal,32714,0.12708333333333335,0.7645833333333334,0.6375000000000001,composition_accuracy,greater
dream_rehearsal,32767,0.05,0.8145833333333333,0.7645833333333333,composition_accuracy,greater
dream_rehearsal,32820,0.17291666666666666,0.9104166666666667,0.7375,composition_accuracy,greater
dream_rehearsal,32873,0.25,0.7583333333333333,0.5083333333333333,composition_accuracy,greater
dream_rehearsal,32926,0.34375,0.8416666666666667,0.4979166666666667,composition_accuracy,greater
dream_rehearsal,32979,0.22083333333333335,0.83125,0.6104166666666667,composition_accuracy,greater
dream_rehearsal,33032,0.29583333333333334,0.8416666666666666,0.5458333333333332,composition_accuracy,greater
dream_rehearsal,33085,0.12708333333333333,0.8458333333333334,0.7187500000000001,composition_accuracy,greater
dream_rehearsal,33138,0.12916666666666668,0.5541666666666667,0.42500000000000004,composition_accuracy,greater
gigo_filter,30011,0.95,1.0,0.050000000000000044,belief_accuracy,greater
gigo_filter,30064,0.9571428571428572,1.0,0.042857142857142816,belief_accuracy,greater
gigo_filter,30117,0.9642857142857143,1.0,0.0357142857142857,belief_accuracy,greater
gigo_filter,30170,0.9428571428571428,1.0,0.05714285714285716,belief_accuracy,greater
gigo_filter,30223,0.9571428571428572,1.0,0.042857142857142816,belief_accuracy,greater
gigo_filter,30276,0.9642857142857143,1.0,0.0357142857142857,belief_accuracy,greater
gigo_filter,30329,0.9642857142857143,1.0,0.0357142857142857,belief_accuracy,greater
gigo_filter,30382,0.9785714285714285,1.0,0.021428571428571463,belief_accuracy,greater
gigo_filter,30435,0.9571428571428572,1.0,0.042857142857142816,belief_accuracy,greater
gigo_filter,30488,0.9785714285714285,1.0,0.021428571428571463,belief_accuracy,greater
gigo_filter,30541,0.9642857142857143,1.0,0.0357142857142857,belief_accuracy,greater
gigo_filter,30594,0.9714285714285714,1.0,0.02857142857142858,belief_accuracy,greater
gigo_filter,30647,0.9642857142857143,1.0,0.0357142857142857,belief_accuracy,greater
gigo_filter,30700,0.9642857142857143,1.0,0.0357142857142857,belief_accuracy,greater
gigo_filter,30753,0.9642857142857143,1.0,0.0357142857142857,belief_accuracy,greater
gigo_filter,30806,0.95,1.0,0.050000000000000044,belief_accuracy,greater
gigo_filter,30859,0.9714285714285714,1.0,0.02857142857142858,belief_accuracy,greater
gigo_filter,30912,0.9714285714285714,1.0,0.02857142857142858,belief_accuracy,greater
gigo_filter,30965,0.9642857142857143,1.0,0.0357142857142857,belief_accuracy,greater
gigo_filter,31018,0.95,1.0,0.050000000000000044,belief_accuracy,greater
gigo_filter,31071,0.9857142857142858,1.0,0.014285714285714235,belief_accuracy,greater
gigo_filter,31124,0.9857142857142858,1.0,0.014285714285714235,belief_accuracy,greater
gigo_filter,31177,0.9857142857142858,1.0,0.014285714285714235,belief_accuracy,greater
gigo_filter,31230,0.9857142857142858,1.0,0.014285714285714235,belief_accuracy,greater
gigo_filter,31283,0.9714285714285714,1.0,0.02857142857142858,belief_accuracy,greater
gigo_filter,31336,0.9714285714285714,1.0,0.02857142857142858,belief_accuracy,greater
gigo_filter,31389,0.9857142857142858,1.0,0.014285714285714235,belief_accuracy,greater
gigo_filter,31442,0.9857142857142858,1.0,0.014285714285714235,belief_accuracy,greater
gigo_filter,31495,0.9571428571428572,1.0,0.042857142857142816,belief_accuracy,greater
gigo_filter,31548,0.9642857142857143,1.0,0.0357142857142857,belief_accuracy,greater
gigo_filter,31601,0.9642857142857143,1.0,0.0357142857142857,belief_accuracy,greater
gigo_filter,31654,0.9642857142857143,1.0,0.0357142857142857,belief_accuracy,greater
gigo_filter,31707,0.9285714285714286,1.0,0.0714285714285714,belief_accuracy,greater
gigo_filter,31760,0.9642857142857143,1.0,0.0357142857142857,belief_accuracy,greater
gigo_filter,31813,0.9642857142857143,1.0,0.0357142857142857,belief_accuracy,greater
gigo_filter,31866,0.9785714285714285,1.0,0.021428571428571463,belief_accuracy,greater
gigo_filter,31919,0.9714285714285714,1.0,0.02857142857142858,belief_accuracy,greater
gigo_filter,31972,0.9785714285714285,1.0,0.021428571428571463,belief_accuracy,greater
gigo_filter,32025,0.9285714285714286,1.0,0.0714285714285714,belief_accuracy,greater
gigo_filter,32078,0.9857142857142858,1.0,0.014285714285714235,belief_accuracy,greater
gigo_filter,32131,0.9642857142857143,1.0,0.0357142857142857,belief_accuracy,greater
gigo_filter,32184,0.9642857142857143,1.0,0.0357142857142857,belief_accuracy,greater
gigo_filter,32237,0.9857142857142858,1.0,0.014285714285714235,belief_accuracy,greater
gigo_filter,32290,0.9785714285714285,1.0,0.021428571428571463,belief_accuracy,greater
gigo_filter,32343,0.95,1.0,0.050000000000000044,belief_accuracy,greater
gigo_filter,32396,0.95,1.0,0.050000000000000044,belief_accuracy,greater
gigo_filter,32449,0.9714285714285714,1.0,0.02857142857142858,belief_accuracy,greater
gigo_filter,32502,0.9714285714285714,1.0,0.02857142857142858,belief_accuracy,greater
gigo_filter,32555,0.9571428571428572,1.0,0.042857142857142816,belief_accuracy,greater
gigo_filter,32608,0.9857142857142858,1.0,0.014285714285714235,belief_accuracy,greater
gigo_filter,32661,0.9571428571428572,1.0,0.042857142857142816,belief_accuracy,greater
gigo_filter,32714,0.9571428571428572,1.0,0.042857142857142816,belief_accuracy,greater
gigo_filter,32767,0.9785714285714285,0.9928571428571429,0.014285714285714346,belief_accuracy,greater
gigo_filter,32820,0.9785714285714285,1.0,0.021428571428571463,belief_accuracy,greater
gigo_filter,32873,0.9571428571428572,1.0,0.042857142857142816,belief_accuracy,greater
gigo_filter,32926,0.9785714285714285,1.0,0.021428571428571463,belief_accuracy,greater
gigo_filter,32979,0.9714285714285714,1.0,0.02857142857142858,belief_accuracy,greater
gigo_filter,33032,0.9571428571428572,1.0,0.042857142857142816,belief_accuracy,greater
gigo_filter,33085,0.9571428571428572,1.0,0.042857142857142816,belief_accuracy,greater
gigo_filter,33138,0.9928571428571429,1.0,0.0071428571428571175,belief_accuracy,greater
mimic_safety,30011,0.4222222222222222,0.8666666666666667,0.4444444444444445,fewshot_reward,greater
mimic_safety,30064,0.37777777777777777,0.9777777777777777,0.6,fewshot_reward,greater
mimic_safety,30117,0.3111111111111111,0.9333333333333333,0.6222222222222222,fewshot_reward,greater
mimic_safety,30170,0.4222222222222222,0.9111111111111111,0.4888888888888889,fewshot_reward,greater
mimic_safety,30223,0.4,0.9777777777777777,0.5777777777777777,fewshot_reward,greater
mimic_safety,30276,0.4222222222222222,0.8888888888888888,0.4666666666666666,fewshot_reward,greater
mimic_safety,30329,0.4222222222222222,0.9555555555555556,0.5333333333333334,fewshot_reward,greater
mimic_safety,30382,0.35555555555555557,0.9111111111111111,0.5555555555555556,fewshot_reward,greater
mimic_safety,30435,0.3333333333333333,0.8888888888888888,0.5555555555555556,fewshot_reward,greater
mimic_safety,30488,0.2,0.8444444444444444,0.6444444444444444,fewshot_reward,greater
mimic_safety,30541,0.4222222222222222,0.9333333333333333,0.5111111111111111,fewshot_reward,greater
mimic_safety,30594,0.4444444444444444,0.8888888888888888,0.4444444444444444,fewshot_reward,greater
mimic_safety,30647,0.4222222222222222,0.8444444444444444,0.4222222222222222,fewshot_reward,greater
mimic_safety,30700,0.4444444444444444,0.8888888888888888,0.4444444444444444,fewshot_reward,greater
mimic_safety,30753,0.35555555555555557,0.8444444444444444,0.4888888888888889,fewshot_reward,greater
mimic_safety,30806,0.37777777777777777,0.9333333333333333,0.5555555555555556,fewshot_reward,greater
mimic_safety,30859,0.4444444444444444,0.8888888888888888,0.4444444444444444,fewshot_reward,greater
mimic_safety,30912,0.35555555555555557,0.8888888888888888,0.5333333333333332,fewshot_reward,greater
mimic_safety,30965,0.3111111111111111,0.9333333333333333,0.6222222222222222,fewshot_reward,greater
mimic_safety,31018,0.3333333333333333,0.8666666666666667,0.5333333333333334,fewshot_reward,greater
mimic_safety,31071,0.3333333333333333,0.8888888888888888,0.5555555555555556,fewshot_reward,greater
mimic_safety,31124,0.4888888888888889,0.8888888888888888,0.39999999999999997,fewshot_reward,greater
mimic_safety,31177,0.4222222222222222,0.9111111111111111,0.4888888888888889,fewshot_reward,greater
mimic_safety,31230,0.3333333333333333,0.8666666666666667,0.5333333333333334,fewshot_reward,greater
mimic_safety,31283,0.4666666666666667,0.8888888888888888,0.42222222222222217,fewshot_reward,greater
mimic_safety,31336,0.4,0.8888888888888888,0.4888888888888888,fewshot_reward,greater
mimic_safety,31389,0.4,0.9111111111111111,0.5111111111111111,fewshot_reward,greater
mimic_safety,31442,0.37777777777777777,0.9111111111111111,0.5333333333333333,fewshot_reward,greater
mimic_safety,31495,0.4666666666666667,0.9333333333333333,0.4666666666666667,fewshot_reward,greater
mimic_safety,31548,0.37777777777777777,0.9333333333333333,0.5555555555555556,fewshot_reward,greater
mimic_safety,31601,0.24444444444444444,0.8888888888888888,0.6444444444444444,fewshot_reward,greater
mimic_safety,31654,0.35555555555555557,0.9333333333333333,0.5777777777777777,fewshot_reward,greater
mimic_safety,31707,0.26666666666666666,0.8888888888888888,0.6222222222222222,fewshot_reward,greater
mimic_safety,31760,0.4,0.8888888888888888,0.4888888888888888,fewshot_reward,greater
mimic_safety,31813,0.4,0.9111111111111111,0.5111111111111111,fewshot_reward,greater
mimic_safety,31866,0.3333333333333333,0.9333333333333333,0.6000000000000001,fewshot_reward,greater
mimic_safety,31919,0.4222222222222222,0.9111111111111111,0.4888888888888889,fewshot_reward,greater
mimic_safety,31972,0.5111111111111111,0.9111111111111111,0.4,fewshot_reward,greater
mimic_safety,32025,0.4666666666666667,0.8666666666666667,0.4,fewshot_reward,greater
mimic_safety,32078,0.3333333333333333,0.8888888888888888,0.5555555555555556,fewshot_reward,greater
mimic_safety,32131,0.3333333333333333,0.8444444444444444,0.5111111111111111,fewshot_reward,greater
mimic_safety,32184,0.4444444444444444,0.8,0.3555555555555556,fewshot_reward,greater
mimic_safety,32237,0.4,0.8222222222222222,0.42222222222222217,fewshot_reward,greater
mimic_safety,32290,0.35555555555555557,0.9333333333333333,0.5777777777777777,fewshot_reward,greater
mimic_safety,32343,0.4,0.8666666666666667,0.4666666666666667,fewshot_reward,greater
mimic_safety,32396,0.35555555555555557,0.9333333333333333,0.5777777777777777,fewshot_reward,greater
mimic_safety,32449,0.4222222222222222,0.9111111111111111,0.4888888888888889,fewshot_reward,greater
mimic_safety,32502,0.4222222222222222,0.8444444444444444,0.4222222222222222,fewshot_reward,greater
mimic_safety,32555,0.4,0.9111111111111111,0.5111111111111111,fewshot_reward,greater
mimic_safety,32608,0.4,0.9333333333333333,0.5333333333333333,fewshot_reward,greater
mimic_safety,32661,0.5555555555555556,0.8666666666666667,0.3111111111111111,fewshot_reward,greater
mimic_safety,32714,0.37777777777777777,0.9555555555555556,0.5777777777777778,fewshot_reward,greater
mimic_safety,32767,0.4444444444444444,0.9333333333333333,0.48888888888888893,fewshot_reward,greater
mimic_safety,32820,0.3333333333333333,0.8888888888888888,0.5555555555555556,fewshot_reward,greater
mimic_safety,32873,0.4444444444444444,0.9777777777777777,0.5333333333333333,fewshot_reward,greater
mimic_safety,32926,0.4444444444444444,0.8222222222222222,0.37777777777777777,fewshot_reward,greater
mimic_safety,32979,0.35555555555555557,0.8888888888888888,0.5333333333333332,fewshot_reward,greater
mimic_safety,33032,0.37777777777777777,0.9333333333333333,0.5555555555555556,fewshot_reward,greater
mimic_safety,33085,0.4,0.8888888888888888,0.4888888888888888,fewshot_reward,greater
mimic_safety,33138,0.4444444444444444,0.8888888888888888,0.4444444444444444,fewshot_reward,greater
purpose_planning,30011,3.766673751364001,4.0393864458384705,0.27271269447446933,goal_completion_utility,greater
purpose_planning,30064,3.6918067775459464,3.959805927737312,0.26799915019136566,goal_completion_utility,greater
purpose_planning,30117,3.709299124794612,3.9491670072904577,0.23986788249584556,goal_completion_utility,greater
purpose_planning,30170,3.733894979206957,3.9854675165372058,0.25157253733024865,goal_completion_utility,greater
purpose_planning,30223,3.683900375825037,3.893126083015129,0.20922570719009226,goal_completion_utility,greater
purpose_planning,30276,3.7099164263264215,3.9459835609188176,0.23606713459239614,goal_completion_utility,greater
purpose_planning,30329,3.765753069820621,4.019507776265375,0.2537547064447536,goal_completion_utility,greater
purpose_planning,30382,3.6942480895410044,3.973887429810378,0.27963934026937354,goal_completion_utility,greater
purpose_planning,30435,3.743188665798385,4.008066072439029,0.2648774066406445,goal_completion_utility,greater
purpose_planning,30488,3.693649207009259,3.9754723090068205,0.28182310199756166,goal_completion_utility,greater
purpose_planning,30541,3.827302767093451,4.1212467777644415,0.2939440106709905,goal_completion_utility,greater
purpose_planning,30594,3.705473892147332,3.9552039100242644,0.2497300178769324,goal_completion_utility,greater
purpose_planning,30647,3.7414587973129705,3.983185133307685,0.2417263359947146,goal_completion_utility,greater
purpose_planning,30700,3.7396097584349346,4.027553689298364,0.28794393086342973,goal_completion_utility,greater
purpose_planning,30753,3.6958539432307362,3.925281500330154,0.22942755709941798,goal_completion_utility,greater
purpose_planning,30806,3.727405552910874,3.9548056199100055,0.2274000669991314,goal_completion_utility,greater
purpose_planning,30859,3.736415579760964,4.025881778841934,0.28946619908096993,goal_completion_utility,greater
purpose_planning,30912,3.7154075554905623,4.026351378892644,0.31094382340208204,goal_completion_utility,greater
purpose_planning,30965,3.7776773108277717,3.9996120579958654,0.2219347471680937,goal_completion_utility,greater
purpose_planning,31018,3.7520341982918395,3.9987991010942356,0.24676490280239616,goal_completion_utility,greater
purpose_planning,31071,3.698352125223407,4.037617636695863,0.3392655114724561,goal_completion_utility,greater
purpose_planning,31124,3.754382942374772,3.956469261294721,0.2020863189199491,goal_completion_utility,greater
purpose_planning,31177,3.7571327018218197,4.0155300607120505,0.25839735889023085,goal_completion_utility,greater
purpose_planning,31230,3.737111376455871,3.991564177201571,0.2544528007457001,goal_completion_utility,greater
purpose_planning,31283,3.750980483798323,3.971693544558876,0.22071306076055297,goal_completion_utility,greater
purpose_planning,31336,3.713826652249805,3.9746081184309263,0.2607814661811214,goal_completion_utility,greater
purpose_planning,31389,3.7412079603788717,3.9741252113509495,0.23291725097207783,goal_completion_utility,greater
purpose_planning,31442,3.6890222781332795,3.9732488448305667,0.2842265666972872,goal_completion_utility,greater
purpose_planning,31495,3.770707733370396,3.950103446252785,0.17939571288238865,goal_completion_utility,greater
purpose_planning,31548,3.679942986652024,3.9501184808282295,0.27017549417620534,goal_completion_utility,greater
purpose_planning,31601,3.679213597756759,3.936637163753129,0.25742356599636995,goal_completion_utility,greater
purpose_planning,31654,3.7096110808811953,3.940219675492878,0.2306085946116827,goal_completion_utility,greater
purpose_planning,31707,3.6937318461682946,3.962030577442089,0.26829873127379456,goal_completion_utility,greater
purpose_planning,31760,3.68799968506696,3.9205151751954666,0.23251549012850647,goal_completion_utility,greater
purpose_planning,31813,3.73718671826736,4.008326786546459,0.2711400682790992,goal_completion_utility,greater
purpose_planning,31866,3.761957408403845,4.012024822752188,0.25006741434834323,goal_completion_utility,greater
purpose_planning,31919,3.733865882043429,4.036829715141761,0.30296383309833175,goal_completion_utility,greater
purpose_planning,31972,3.7534145538598156,3.9702829866970704,0.21686843283725477,goal_completion_utility,greater
purpose_planning,32025,3.737334445830466,3.9877959491496293,0.2504615033191633,goal_completion_utility,greater
purpose_planning,32078,3.737357746742934,3.9762450757780083,0.23888732903507437,goal_completion_utility,greater
purpose_planning,32131,3.7078051186730465,4.003867155861992,0.29606203718894575,goal_completion_utility,greater
purpose_planning,32184,3.726410488637706,3.9555906130103597,0.2291801243726539,goal_completion_utility,greater
purpose_planning,32237,3.6895724356930364,3.9648727085250925,0.27530027283205616,goal_completion_utility,greater
purpose_planning,32290,3.7278817567217204,3.9388103529695173,0.21092859624779692,goal_completion_utility,greater
purpose_planning,32343,3.713060505721426,3.91782999981204,0.20476949409061396,goal_completion_utility,greater
purpose_planning,32396,3.7425847114143598,3.9876745517663936,0.24508984035203385,goal_completion_utility,greater
purpose_planning,32449,3.7127129205931397,4.0100070956961975,0.2972941751030578,goal_completion_utility,greater
purpose_planning,32502,3.7484625498878956,3.9811432854741495,0.2326807355862539,goal_completion_utility,greater
purpose_planning,32555,3.716552657878473,3.963363445191177,0.2468107873127039,goal_completion_utility,greater
purpose_planning,32608,3.689370325496266,3.9725101579556354,0.28313983245936925,goal_completion_utility,greater
purpose_planning,32661,3.7146712169043283,3.9758822613863565,0.26121104448202814,goal_completion_utility,greater
purpose_planning,32714,3.746182734947459,3.996809682958829,0.25062694801136987,goal_completion_utility,greater
purpose_planning,32767,3.7018198480177795,3.954967997761919,0.2531481497441397,goal_completion_utility,greater
purpose_planning,32820,3.7261975676524908,4.007976886876669,0.2817793192241784,goal_completion_utility,greater
purpose_planning,32873,3.71350900901242,3.9236989740025003,0.21018996499008047,goal_completion_utility,greater
purpose_planning,32926,3.727978691061194,3.890862928549387,0.16288423748819314,goal_completion_utility,greater
purpose_planning,32979,3.741783324345313,3.9989686428182933,0.2571853184729802,goal_completion_utility,greater
purpose_planning,33032,3.7097868025143663,3.957944704045789,0.2481579015314228,goal_completion_utility,greater
purpose_planning,33085,3.6882463869498343,3.9161006485815104,0.2278542616316761,goal_completion_utility,greater
purpose_planning,33138,3.697615191582622,3.9508871455547854,0.2532719539721633,goal_completion_utility,greater
negotiation,30011,0.4046290567876374,0.66419599686066,0.2595669400730226,joint_utility,greater
negotiation,30064,0.4273217035216706,0.6871516768916964,0.25982997337002584,joint_utility,greater
negotiation,30117,0.4337795334404442,0.6801508733303595,0.24637133988991533,joint_utility,greater
negotiation,30170,0.42717681088998766,0.6718052210855782,0.2446284101955905,joint_utility,greater
negotiation,30223,0.41448010053929085,0.6788388691688921,0.2643587686296013,joint_utility,greater
negotiation,30276,0.4176956991385704,0.6620828643689305,0.24438716523036008,joint_utility,greater
negotiation,30329,0.41025566327770635,0.6562319069007715,0.24597624362306514,joint_utility,greater
negotiation,30382,0.42180771994811267,0.6734801016481546,0.25167238170004197,joint_utility,greater
negotiation,30435,0.4143870738857287,0.6755836001847666,0.2611965262990379,joint_utility,greater
negotiation,30488,0.4047264303870849,0.6584693413266487,0.2537429109395638,joint_utility,greater
negotiation,30541,0.42131581562796094,0.6876133040796515,0.26629748845169054,joint_utility,greater
negotiation,30594,0.426752833331177,0.6748278340109792,0.24807500067980226,joint_utility,greater
negotiation,30647,0.41821921362745473,0.6690302345465633,0.25081102091910856,joint_utility,greater
negotiation,30700,0.4140978360550226,0.6726140834340572,0.25851624737903456,joint_utility,greater
negotiation,30753,0.40936687460638055,0.6672928409219365,0.257925966315556,joint_utility,greater
negotiation,30806,0.4353522840786546,0.6968851627509143,0.26153287867225966,joint_utility,greater
negotiation,30859,0.4192108000144501,0.6772688283471913,0.25805802833274116,joint_utility,greater
negotiation,30912,0.38349956633044774,0.6613036308435885,0.2778040645131407,joint_utility,greater
negotiation,30965,0.4150194759681283,0.6652325285598938,0.25021305259176546,joint_utility,greater
negotiation,31018,0.43436449709017994,0.6784240481531091,0.24405955106292915,joint_utility,greater
negotiation,31071,0.41426363844435815,0.6736548514187777,0.2593912129744195,joint_utility,greater
negotiation,31124,0.4133747774156105,0.652272001076664,0.23889722366105354,joint_utility,greater
negotiation,31177,0.4351897039481363,0.6848640436563831,0.24967433970824682,joint_utility,greater
negotiation,31230,0.42854031119933333,0.6783130678904121,0.2497727566910788,joint_utility,greater
negotiation,31283,0.4200451322647738,0.6757330124943248,0.255687880229551,joint_utility,greater
negotiation,31336,0.43163839070257787,0.6883144465537073,0.25667605585112946,joint_utility,greater
negotiation,31389,0.43007827220848116,0.6750882849251691,0.24501001271668799,joint_utility,greater
negotiation,31442,0.4439375979111692,0.6896801050286289,0.24574250711745965,joint_utility,greater
negotiation,31495,0.4250262618421959,0.6669811078437664,0.24195484600157052,joint_utility,greater
negotiation,31548,0.410837583202657,0.6554091502040499,0.24457156700139288,joint_utility,greater
negotiation,31601,0.4337088767296944,0.696309393131914,0.2626005164022196,joint_utility,greater
negotiation,31654,0.4185268349821826,0.6721768944849362,0.2536500595027536,joint_utility,greater
negotiation,31707,0.4249994101192373,0.6777466553444368,0.2527472452251995,joint_utility,greater
negotiation,31760,0.39237185604878183,0.669750919535525,0.2773790634867432,joint_utility,greater
negotiation,31813,0.41315072652504364,0.6797259999742805,0.26657527344923687,joint_utility,greater
negotiation,31866,0.39917030855387337,0.6977614196130589,0.29859111105918557,joint_utility,greater
negotiation,31919,0.4189328387829134,0.6525305310905608,0.23359769230764743,joint_utility,greater
negotiation,31972,0.4255220611516921,0.6837513910829182,0.25822932993122605,joint_utility,greater
negotiation,32025,0.4336680877818319,0.6743082039388345,0.2406401161570026,joint_utility,greater
negotiation,32078,0.3915091099938717,0.6550660740490164,0.2635569640551447,joint_utility,greater
negotiation,32131,0.3991374139675212,0.6638464290409828,0.26470901507346156,joint_utility,greater
negotiation,32184,0.4370477015362936,0.6916719779311276,0.254624276394834,joint_utility,greater
negotiation,32237,0.39177456012346257,0.6497627308351119,0.25798817071164937,joint_utility,greater
negotiation,32290,0.40099675512906535,0.6738156321401307,0.2728188770110654,joint_utility,greater
negotiation,32343,0.42105243812144877,0.6869704684757457,0.26591803035429695,joint_utility,greater
negotiation,32396,0.4373674857348227,0.6841555657339994,0.24678807999917668,joint_utility,greater
negotiation,32449,0.41260947643063395,0.66116614812898,0.24855667169834605,joint_utility,greater
negotiation,32502,0.44719621851716634,0.7151532456976147,0.2679570271804484,joint_utility,greater
negotiation,32555,0.42984434302592606,0.6842575374549289,0.25441319442900284,joint_utility,greater
negotiation,32608,0.43989053006626033,0.6892854380418892,0.2493949079756289,joint_utility,greater
negotiation,32661,0.43026103655625764,0.693723825537966,0.26346278898170833,joint_utility,greater
negotiation,32714,0.4340289243777325,0.6780534480898203,0.24402452371208777,joint_utility,greater
negotiation,32767,0.43712113845633466,0.6786642277315619,0.24154308927522722,joint_utility,greater
negotiation,32820,0.41885679536032827,0.6549128068019101,0.23605601144158184,joint_utility,greater
negotiation,32873,0.4219867668805252,0.6786328181808141,0.2566460513002889,joint_utility,greater
negotiation,32926,0.4125991685093172,0.6579127455789748,0.24531357706965762,joint_utility,greater
negotiation,32979,0.39049586002341835,0.6812620904510945,0.2907662304276762,joint_utility,greater
negotiation,33032,0.3968358206880142,0.6765661385254131,0.27973031783739893,joint_utility,greater
negotiation,33085,0.4102442102589045,0.6601386637180848,0.24989445345918032,joint_utility,greater
negotiation,33138,0.43111868294214656,0.674583985656033,0.2434653027138864,joint_utility,greater
survival_override,30011,0.2073732718894009,0.9285714285714286,0.7211981566820277,critical_threat_survival,greater
survival_override,30064,0.19777777777777777,0.9177777777777778,0.72,critical_threat_survival,greater
survival_override,30117,0.20222222222222222,0.8977777777777778,0.6955555555555556,critical_threat_survival,greater
survival_override,30170,0.15517241379310345,0.915948275862069,0.7607758620689655,critical_threat_survival,greater
survival_override,30223,0.1836283185840708,0.9004424778761062,0.7168141592920354,critical_threat_survival,greater
survival_override,30276,0.2086021505376344,0.9204301075268817,0.7118279569892473,critical_threat_survival,greater
survival_override,30329,0.1945080091533181,0.9153318077803204,0.7208237986270023,critical_threat_survival,greater
survival_override,30382,0.19693654266958424,0.9299781181619255,0.7330415754923413,critical_threat_survival,greater
survival_override,30435,0.20476190476190476,0.9357142857142857,0.730952380952381,critical_threat_survival,greater
survival_override,30488,0.23529411764705882,0.9389978213507625,0.7037037037037037,critical_threat_survival,greater
survival_override,30541,0.1862348178137652,0.9210526315789473,0.7348178137651822,critical_threat_survival,greater
survival_override,30594,0.15079365079365079,0.9325396825396826,0.7817460317460317,critical_threat_survival,greater
survival_override,30647,0.17647058823529413,0.9096638655462185,0.7331932773109243,critical_threat_survival,greater
survival_override,30700,0.18396226415094338,0.910377358490566,0.7264150943396226,critical_threat_survival,greater
survival_override,30753,0.19246031746031747,0.9206349206349206,0.7281746031746031,critical_threat_survival,greater
survival_override,30806,0.16052060737527116,0.9175704989154013,0.7570498915401301,critical_threat_survival,greater
survival_override,30859,0.2,0.9032258064516129,0.7032258064516128,critical_threat_survival,greater
survival_override,30912,0.16993464052287582,0.9259259259259259,0.7559912854030502,critical_threat_survival,greater
survival_override,30965,0.18461538461538463,0.8901098901098901,0.7054945054945054,critical_threat_survival,greater
survival_override,31018,0.1986754966887417,0.9227373068432672,0.7240618101545254,critical_threat_survival,greater
survival_override,31071,0.19222462203023757,0.9265658747300216,0.734341252699784,critical_threat_survival,greater
survival_override,31124,0.1536643026004728,0.91725768321513,0.7635933806146572,critical_threat_survival,greater
survival_override,31177,0.19690265486725664,0.9092920353982301,0.7123893805309734,critical_threat_survival,greater
survival_override,31230,0.15948275862068967,0.9245689655172413,0.7650862068965516,critical_threat_survival,greater
survival_override,31283,0.20726495726495728,0.9102564102564102,0.7029914529914529,critical_threat_survival,greater
survival_override,31336,0.20361990950226244,0.920814479638009,0.7171945701357465,critical_threat_survival,greater
survival_override,31389,0.17608695652173914,0.941304347826087,0.7652173913043478,critical_threat_survival,greater
survival_override,31442,0.2292576419213974,0.9213973799126638,0.6921397379912664,critical_threat_survival,greater
survival_override,31495,0.19090909090909092,0.9113636363636364,0.7204545454545455,critical_threat_survival,greater
survival_override,31548,0.17270788912579957,0.9232409381663113,0.7505330490405117,critical_threat_survival,greater
survival_override,31601,0.1930232558139535,0.9255813953488372,0.7325581395348837,critical_threat_survival,greater
survival_override,31654,0.17805383022774326,0.917184265010352,0.7391304347826088,critical_threat_survival,greater
survival_override,31707,0.14688128772635814,0.9094567404426559,0.7625754527162978,critical_threat_survival,greater
survival_override,31760,0.20085470085470086,0.9273504273504274,0.7264957264957266,critical_threat_survival,greater
survival_override,31813,0.18518518518518517,0.897119341563786,0.7119341563786008,critical_threat_survival,greater
survival_override,31866,0.17439293598233996,0.8962472406181016,0.7218543046357616,critical_threat_survival,greater
survival_override,31919,0.1789709172259508,0.930648769574944,0.7516778523489932,critical_threat_survival,greater
survival_override,31972,0.2014218009478673,0.9218009478672986,0.7203791469194313,critical_threat_survival,greater
survival_override,32025,0.18906605922551253,0.8997722095671982,0.7107061503416856,critical_threat_survival,greater
survival_override,32078,0.20044543429844097,0.9086859688195991,0.7082405345211581,critical_threat_survival,greater
survival_override,32131,0.1956043956043956,0.9252747252747253,0.7296703296703297,critical_threat_survival,greater
survival_override,32184,0.20044052863436124,0.9162995594713657,0.7158590308370044,critical_threat_survival,greater
survival_override,32237,0.17155756207674944,0.9232505643340858,0.7516930022573364,critical_threat_survival,greater
survival_override,32290,0.18669527896995708,0.9206008583690987,0.7339055793991416,critical_threat_survival,greater
survival_override,32343,0.15991471215351813,0.9168443496801706,0.7569296375266524,critical_threat_survival,greater
survival_override,32396,0.19668737060041408,0.9399585921325052,0.7432712215320911,critical_threat_survival,greater
survival_override,32449,0.189010989010989,0.9296703296703297,0.7406593406593407,critical_threat_survival,greater
survival_override,32502,0.1694915254237288,0.8861985472154964,0.7167070217917676,critical_threat_survival,greater
survival_override,32555,0.16968325791855204,0.9049773755656109,0.7352941176470589,critical_threat_survival,greater
survival_override,32608,0.18340611353711792,0.9148471615720524,0.7314410480349345,critical_threat_survival,greater
survival_override,32661,0.19747899159663865,0.9264705882352942,0.7289915966386555,critical_threat_survival,greater
survival_override,32714,0.16631578947368422,0.9284210526315789,0.7621052631578947,critical_threat_survival,greater
survival_override,32767,0.16554809843400448,0.8993288590604027,0.7337807606263982,critical_threat_survival,greater
survival_override,32820,0.2125,0.9229166666666667,0.7104166666666667,critical_threat_survival,greater
survival_override,32873,0.18421052631578946,0.9210526315789473,0.7368421052631579,critical_threat_survival,greater
survival_override,32926,0.1734475374732334,0.9164882226980728,0.7430406852248395,critical_threat_survival,greater
survival_override,32979,0.16517857142857142,0.9129464285714286,0.7477678571428572,critical_threat_survival,greater
survival_override,33032,0.18080357142857142,0.9352678571428571,0.7544642857142857,critical_threat_survival,greater
survival_override,33085,0.17972350230414746,0.9331797235023042,0.7534562211981567,critical_threat_survival,greater
survival_override,33138,0.1623529411764706,0.9388235294117647,0.7764705882352941,critical_threat_survival,greater
