experiment,seed,stored_records_control,stored_records_treatment,graph_edges,queries,control_retrieval_accuracy,treatment_retrieval_accuracy,accuracy_delta,compression_ratio,control_utility,treatment_utility,control_lowhazard_risky_rate,treatment_lowhazard_risky_rate,control_missed,treatment_missed,treatment_forgotten,peak_pending,mean_best_latent_diagnosticity,control_best_estimated_reward,treatment_best_estimated_reward,control_states_visited,treatment_states_visited,true_elite_count,control_accuracy,treatment_accuracy,reversal_accuracy_with_stale_intuition,intuition_use_rate,source_compatibility_score,incompatible_source_score,gated_incompatible_accuracy,incompatible_source_used,agents,malicious_or_low_reliability_agents,control_safe_false_reject,treatment_safe_false_reject,control_execution_rate,treatment_execution_rate,mean_weighted_correction_step,tasks,replay_extra_examples_per_task,dream_extra_examples_per_task,dream_validator_error_rate,rejection_rate,control_unsafe_imitation_rate,treatment_unsafe_imitation_rate,control_goal_completion_rate,treatment_goal_completion_rate,control_suboptimal_resolution_rate,treatment_suboptimal_resolution_rate,false_survival_bypass_rate_non_threat,override_activation_rate
tadm_sparse,30011,214.0,214.0,,,,,,,,,,,,,,,,,,,,,,,,,,,,,,,,,,,,,,,,,,,,,,,,
tadm_sparse,30064,214.0,214.0,,,,,,,,,,,,,,,,,,,,,,,,,,,,,,,,,,,,,,,,,,,,,,,,
tadm_sparse,30117,214.0,214.0,,,,,,,,,,,,,,,,,,,,,,,,,,,,,,,,,,,,,,,,,,,,,,,,
tadm_sparse,30170,214.0,214.0,,,,,,,,,,,,,,,,,,,,,,,,,,,,,,,,,,,,,,,,,,,,,,,,
tadm_sparse,30223,214.0,214.0,,,,,,,,,,,,,,,,,,,,,,,,,,,,,,,,,,,,,,,,,,,,,,,,
tadm_sparse,30276,214.0,214.0,,,,,,,,,,,,,,,,,,,,,,,,,,,,,,,,,,,,,,,,,,,,,,,,
tadm_sparse,30329,214.0,214.0,,,,,,,,,,,,,,,,,,,,,,,,,,,,,,,,,,,,,,,,,,,,,,,,
tadm_sparse,30382,214.0,214.0,,,,,,,,,,,,,,,,,,,,,,,,,,,,,,,,,,,,,,,,,,,,,,,,
tadm_sparse,30435,214.0,214.0,,,,,,,,,,,,,,,,,,,,,,,,,,,,,,,,,,,,,,,,,,,,,,,,
tadm_sparse,30488,214.0,214.0,,,,,,,,,,,,,,,,,,,,,,,,,,,,,,,,,,,,,,,,,,,,,,,,
tadm_sparse,30541,214.0,214.0,,,,,,,,,,,,,,,,,,,,,,,,,,,,,,,,,,,,,,,,,,,,,,,,
tadm_sparse,30594,214.0,214.0,,,,,,,,,,,,,,,,,,,,,,,,,,,,,,,,,,,,,,,,,,,,,,,,
tadm_sparse,30647,214.0,214.0,,,,,,,,,,,,,,,,,,,,,,,,,,,,,,,,,,,,,,,,,,,,,,,,
tadm_sparse,30700,214.0,214.0,,,,,,,,,,,,,,,,,,,,,,,,,,,,,,,,,,,,,,,,,,,,,,,,
tadm_sparse,30753,214.0,214.0,,,,,,,,,,,,,,,,,,,,,,,,,,,,,,,,,,,,,,,,,,,,,,,,
tadm_sparse,30806,214.0,214.0,,,,,,,,,,,,,,,,,,,,,,,,,,,,,,,,,,,,,,,,,,,,,,,,
tadm_sparse,30859,214.0,214.0,,,,,,,,,,,,,,,,,,,,,,,,,,,,,,,,,,,,,,,,,,,,,,,,
tadm_sparse,30912,214.0,214.0,,,,,,,,,,,,,,,,,,,,,,,,,,,,,,,,,,,,,,,,,,,,,,,,
tadm_sparse,30965,214.0,214.0,,,,,,,,,,,,,,,,,,,,,,,,,,,,,,,,,,,,,,,,,,,,,,,,
tadm_sparse,31018,214.0,214.0,,,,,,,,,,,,,,,,,,,,,,,,,,,,,,,,,,,,,,,,,,,,,,,,
tadm_sparse,31071,214.0,214.0,,,,,,,,,,,,,,,,,,,,,,,,,,,,,,,,,,,,,,,,,,,,,,,,
tadm_sparse,31124,214.0,214.0,,,,,,,,,,,,,,,,,,,,,,,,,,,,,,,,,,,,,,,,,,,,,,,,
tadm_sparse,31177,214.0,214.0,,,,,,,,,,,,,,,,,,,,,,,,,,,,,,,,,,,,,,,,,,,,,,,,
tadm_sparse,31230,214.0,214.0,,,,,,,,,,,,,,,,,,,,,,,,,,,,,,,,,,,,,,,,,,,,,,,,
tadm_sparse,31283,214.0,214.0,,,,,,,,,,,,,,,,,,,,,,,,,,,,,,,,,,,,,,,,,,,,,,,,
tadm_sparse,31336,214.0,214.0,,,,,,,,,,,,,,,,,,,,,,,,,,,,,,,,,,,,,,,,,,,,,,,,
tadm_sparse,31389,214.0,214.0,,,,,,,,,,,,,,,,,,,,,,,,,,,,,,,,,,,,,,,,,,,,,,,,
tadm_sparse,31442,214.0,214.0,,,,,,,,,,,,,,,,,,,,,,,,,,,,,,,,,,,,,,,,,,,,,,,,
tadm_sparse,31495,214.0,214.0,,,,,,,,,,,,,,,,,,,,,,,,,,,,,,,,,,,,,,,,,,,,,,,,
tadm_sparse,31548,214.0,214.0,,,,,,,,,,,,,,,,,,,,,,,,,,,,,,,,,,,,,,,,,,,,,,,,
tadm_sparse,31601,214.0,214.0,,,,,,,,,,,,,,,,,,,,,,,,,,,,,,,,,,,,,,,,,,,,,,,,
tadm_sparse,31654,214.0,214.0,,,,,,,,,,,,,,,,,,,,,,,,,,,,,,,,,,,,,,,,,,,,,,,,
tadm_sparse,31707,214.0,214.0,,,,,,,,,,,,,,,,,,,,,,,,,,,,,,,,,,,,,,,,,,,,,,,,
tadm_sparse,31760,214.0,214.0,,,,,,,,,,,,,,,,,,,,,,,,,,,,,,,,,,,,,,,,,,,,,,,,
tadm_sparse,31813,214.0,214.0,,,,,,,,,,,,,,,,,,,,,,,,,,,,,,,,,,,,,,,,,,,,,,,,
tadm_sparse,31866,214.0,214.0,,,,,,,,,,,,,,,,,,,,,,,,,,,,,,,,,,,,,,,,,,,,,,,,
tadm_sparse,31919,214.0,214.0,,,,,,,,,,,,,,,,,,,,,,,,,,,,,,,,,,,,,,,,,,,,,,,,
tadm_sparse,31972,214.0,214.0,,,,,,,,,,,,,,,,,,,,,,,,,,,,,,,,,,,,,,,,,,,,,,,,
tadm_sparse,32025,214.0,214.0,,,,,,,,,,,,,,,,,,,,,,,,,,,,,,,,,,,,,,,,,,,,,,,,
tadm_sparse,32078,214.0,214.0,,,,,,,,,,,,,,,,,,,,,,,,,,,,,,,,,,,,,,,,,,,,,,,,
tadm_sparse,32131,214.0,214.0,,,,,,,,,,,,,,,,,,,,,,,,,,,,,,,,,,,,,,,,,,,,,,,,
tadm_sparse,32184,214.0,214.0,,,,,,,,,,,,,,,,,,,,,,,,,,,,,,,,,,,,,,,,,,,,,,,,
tadm_sparse,32237,214.0,214.0,,,,,,,,,,,,,,,,,,,,,,,,,,,,,,,,,,,,,,,,,,,,,,,,
tadm_sparse,32290,214.0,214.0,,,,,,,,,,,,,,,,,,,,,,,,,,,,,,,,,,,,,,,,,,,,,,,,
tadm_sparse,32343,214.0,214.0,,,,,,,,,,,,,,,,,,,,,,,,,,,,,,,,,,,,,,,,,,,,,,,,
tadm_sparse,32396,214.0,214.0,,,,,,,,,,,,,,,,,,,,,,,,,,,,,,,,,,,,,,,,,,,,,,,,
tadm_sparse,32449,214.0,214.0,,,,,,,,,,,,,,,,,,,,,,,,,,,,,,,,,,,,,,,,,,,,,,,,
tadm_sparse,32502,214.0,214.0,,,,,,,,,,,,,,,,,,,,,,,,,,,,,,,,,,,,,,,,,,,,,,,,
tadm_sparse,32555,214.0,214.0,,,,,,,,,,,,,,,,,,,,,,,,,,,,,,,,,,,,,,,,,,,,,,,,
tadm_sparse,32608,214.0,214.0,,,,,,,,,,,,,,,,,,,,,,,,,,,,,,,,,,,,,,,,,,,,,,,,
tadm_sparse,32661,214.0,214.0,,,,,,,,,,,,,,,,,,,,,,,,,,,,,,,,,,,,,,,,,,,,,,,,
tadm_sparse,32714,214.0,214.0,,,,,,,,,,,,,,,,,,,,,,,,,,,,,,,,,,,,,,,,,,,,,,,,
tadm_sparse,32767,214.0,214.0,,,,,,,,,,,,,,,,,,,,,,,,,,,,,,,,,,,,,,,,,,,,,,,,
tadm_sparse,32820,214.0,214.0,,,,,,,,,,,,,,,,,,,,,,,,,,,,,,,,,,,,,,,,,,,,,,,,
tadm_sparse,32873,214.0,214.0,,,,,,,,,,,,,,,,,,,,,,,,,,,,,,,,,,,,,,,,,,,,,,,,
tadm_sparse,32926,214.0,214.0,,,,,,,,,,,,,,,,,,,,,,,,,,,,,,,,,,,,,,,,,,,,,,,,
tadm_sparse,32979,214.0,214.0,,,,,,,,,,,,,,,,,,,,,,,,,,,,,,,,,,,,,,,,,,,,,,,,
tadm_sparse,33032,214.0,214.0,,,,,,,,,,,,,,,,,,,,,,,,,,,,,,,,,,,,,,,,,,,,,,,,
tadm_sparse,33085,214.0,214.0,,,,,,,,,,,,,,,,,,,,,,,,,,,,,,,,,,,,,,,,,,,,,,,,
tadm_sparse,33138,214.0,214.0,,,,,,,,,,,,,,,,,,,,,,,,,,,,,,,,,,,,,,,,,,,,,,,,
emg_multihop,30011,,,235.0,55.0,,,,,,,,,,,,,,,,,,,,,,,,,,,,,,,,,,,,,,,,,,,,,,
emg_multihop,30064,,,235.0,55.0,,,,,,,,,,,,,,,,,,,,,,,,,,,,,,,,,,,,,,,,,,,,,,
emg_multihop,30117,,,235.0,55.0,,,,,,,,,,,,,,,,,,,,,,,,,,,,,,,,,,,,,,,,,,,,,,
emg_multihop,30170,,,235.0,55.0,,,,,,,,,,,,,,,,,,,,,,,,,,,,,,,,,,,,,,,,,,,,,,
emg_multihop,30223,,,235.0,55.0,,,,,,,,,,,,,,,,,,,,,,,,,,,,,,,,,,,,,,,,,,,,,,
emg_multihop,30276,,,235.0,55.0,,,,,,,,,,,,,,,,,,,,,,,,,,,,,,,,,,,,,,,,,,,,,,
emg_multihop,30329,,,235.0,55.0,,,,,,,,,,,,,,,,,,,,,,,,,,,,,,,,,,,,,,,,,,,,,,
emg_multihop,30382,,,235.0,55.0,,,,,,,,,,,,,,,,,,,,,,,,,,,,,,,,,,,,,,,,,,,,,,
emg_multihop,30435,,,235.0,55.0,,,,,,,,,,,,,,,,,,,,,,,,,,,,,,,,,,,,,,,,,,,,,,
emg_multihop,30488,,,234.0,55.0,,,,,,,,,,,,,,,,,,,,,,,,,,,,,,,,,,,,,,,,,,,,,,
emg_multihop,30541,,,235.0,55.0,,,,,,,,,,,,,,,,,,,,,,,,,,,,,,,,,,,,,,,,,,,,,,
emg_multihop,30594,,,235.0,55.0,,,,,,,,,,,,,,,,,,,,,,,,,,,,,,,,,,,,,,,,,,,,,,
emg_multihop,30647,,,235.0,55.0,,,,,,,,,,,,,,,,,,,,,,,,,,,,,,,,,,,,,,,,,,,,,,
emg_multihop,30700,,,235.0,55.0,,,,,,,,,,,,,,,,,,,,,,,,,,,,,,,,,,,,,,,,,,,,,,
emg_multihop,30753,,,235.0,55.0,,,,,,,,,,,,,,,,,,,,,,,,,,,,,,,,,,,,,,,,,,,,,,
emg_multihop,30806,,,235.0,55.0,,,,,,,,,,,,,,,,,,,,,,,,,,,,,,,,,,,,,,,,,,,,,,
emg_multihop,30859,,,234.0,55.0,,,,,,,,,,,,,,,,,,,,,,,,,,,,,,,,,,,,,,,,,,,,,,
emg_multihop,30912,,,235.0,55.0,,,,,,,,,,,,,,,,,,,,,,,,,,,,,,,,,,,,,,,,,,,,,,
emg_multihop,30965,,,234.0,55.0,,,,,,,,,,,,,,,,,,,,,,,,,,,,,,,,,,,,,,,,,,,,,,
emg_multihop,31018,,,235.0,55.0,,,,,,,,,,,,,,,,,,,,,,,,,,,,,,,,,,,,,,,,,,,,,,
emg_multihop,31071,,,235.0,55.0,,,,,,,,,,,,,,,,,,,,,,,,,,,,,,,,,,,,,,,,,,,,,,
emg_multihop,31124,,,234.0,55.0,,,,,,,,,,,,,,,,,,,,,,,,,,,,,,,,,,,,,,,,,,,,,,
emg_multihop,31177,,,235.0,55.0,,,,,,,,,,,,,,,,,,,,,,,,,,,,,,,,,,,,,,,,,,,,,,
emg_multihop,31230,,,235.0,55.0,,,,,,,,,,,,,,,,,,,,,,,,,,,,,,,,,,,,,,,,,,,,,,
emg_multihop,31283,,,234.0,55.0,,,,,,,,,,,,,,,,,,,,,,,,,,,,,,,,,,,,,,,,,,,,,,
emg_multihop,31336,,,235.0,55.0,,,,,,,,,,,,,,,,,,,,,,,,,,,,,,,,,,,,,,,,,,,,,,
emg_multihop,31389,,,234.0,55.0,,,,,,,,,,,,,,,,,,,,,,,,,,,,,,,,,,,,,,,,,,,,,,
emg_multihop,31442,,,235.0,55.0,,,,,,,,,,,,,,,,,,,,,,,,,,,,,,,,,,,,,,,,,,,,,,
emg_multihop,31495,,,235.0,55.0,,,,,,,,,,,,,,,,,,,,,,,,,,,,,,,,,,,,,,,,,,,,,,
emg_multihop,31548,,,235.0,55.0,,,,,,,,,,,,,,,,,,,,,,,,,,,,,,,,,,,,,,,,,,,,,,
emg_multihop,31601,,,235.0,55.0,,,,,,,,,,,,,,,,,,,,,,,,,,,,,,,,,,,,,,,,,,,,,,
emg_multihop,31654,,,235.0,55.0,,,,,,,,,,,,,,,,,,,,,,,,,,,,,,,,,,,,,,,,,,,,,,
emg_multihop,31707,,,235.0,55.0,,,,,,,,,,,,,,,,,,,,,,,,,,,,,,,,,,,,,,,,,,,,,,
emg_multihop,31760,,,234.0,55.0,,,,,,,,,,,,,,,,,,,,,,,,,,,,,,,,,,,,,,,,,,,,,,
emg_multihop,31813,,,234.0,55.0,,,,,,,,,,,,,,,,,,,,,,,,,,,,,,,,,,,,,,,,,,,,,,
emg_multihop,31866,,,235.0,55.0,,,,,,,,,,,,,,,,,,,,,,,,,,,,,,,,,,,,,,,,,,,,,,
emg_multihop,31919,,,234.0,55.0,,,,,,,,,,,,,,,,,,,,,,,,,,,,,,,,,,,,,,,,,,,,,,
emg_multihop,31972,,,235.0,55.0,,,,,,,,,,,,,,,,,,,,,,,,,,,,,,,,,,,,,,,,,,,,,,
emg_multihop,32025,,,235.0,55.0,,,,,,,,,,,,,,,,,,,,,,,,,,,,,,,,,,,,,,,,,,,,,,
emg_multihop,32078,,,233.0,55.0,,,,,,,,,,,,,,,,,,,,,,,,,,,,,,,,,,,,,,,,,,,,,,
emg_multihop,32131,,,235.0,55.0,,,,,,,,,,,,,,,,,,,,,,,,,,,,,,,,,,,,,,,,,,,,,,
emg_multihop,32184,,,235.0,55.0,,,,,,,,,,,,,,,,,,,,,,,,,,,,,,,,,,,,,,,,,,,,,,
emg_multihop,32237,,,234.0,55.0,,,,,,,,,,,,,,,,,,,,,,,,,,,,,,,,,,,,,,,,,,,,,,
emg_multihop,32290,,,233.0,55.0,,,,,,,,,,,,,,,,,,,,,,,,,,,,,,,,,,,,,,,,,,,,,,
emg_multihop,32343,,,235.0,55.0,,,,,,,,,,,,,,,,,,,,,,,,,,,,,,,,,,,,,,,,,,,,,,
emg_multihop,32396,,,235.0,55.0,,,,,,,,,,,,,,,,,,,,,,,,,,,,,,,,,,,,,,,,,,,,,,
emg_multihop,32449,,,235.0,55.0,,,,,,,,,,,,,,,,,,,,,,,,,,,,,,,,,,,,,,,,,,,,,,
emg_multihop,32502,,,235.0,55.0,,,,,,,,,,,,,,,,,,,,,,,,,,,,,,,,,,,,,,,,,,,,,,
emg_multihop,32555,,,234.0,55.0,,,,,,,,,,,,,,,,,,,,,,,,,,,,,,,,,,,,,,,,,,,,,,
emg_multihop,32608,,,235.0,55.0,,,,,,,,,,,,,,,,,,,,,,,,,,,,,,,,,,,,,,,,,,,,,,
emg_multihop,32661,,,235.0,55.0,,,,,,,,,,,,,,,,,,,,,,,,,,,,,,,,,,,,,,,,,,,,,,
emg_multihop,32714,,,235.0,55.0,,,,,,,,,,,,,,,,,,,,,,,,,,,,,,,,,,,,,,,,,,,,,,
emg_multihop,32767,,,235.0,55.0,,,,,,,,,,,,,,,,,,,,,,,,,,,,,,,,,,,,,,,,,,,,,,
emg_multihop,32820,,,235.0,55.0,,,,,,,,,,,,,,,,,,,,,,,,,,,,,,,,,,,,,,,,,,,,,,
emg_multihop,32873,,,235.0,55.0,,,,,,,,,,,,,,,,,,,,,,,,,,,,,,,,,,,,,,,,,,,,,,
emg_multihop,32926,,,235.0,55.0,,,,,,,,,,,,,,,,,,,,,,,,,,,,,,,,,,,,,,,,,,,,,,
emg_multihop,32979,,,234.0,55.0,,,,,,,,,,,,,,,,,,,,,,,,,,,,,,,,,,,,,,,,,,,,,,
emg_multihop,33032,,,235.0,55.0,,,,,,,,,,,,,,,,,,,,,,,,,,,,,,,,,,,,,,,,,,,,,,
emg_multihop,33085,,,235.0,55.0,,,,,,,,,,,,,,,,,,,,,,,,,,,,,,,,,,,,,,,,,,,,,,
emg_multihop,33138,,,234.0,55.0,,,,,,,,,,,,,,,,,,,,,,,,,,,,,,,,,,,,,,,,,,,,,,
dream_consolidation,30011,,,,,0.9583333333333334,1.0,0.04166666666666663,0.11571841851494696,,,,,,,,,,,,,,,,,,,,,,,,,,,,,,,,,,,,,,,,,,
dream_consolidation,30064,,,,,0.9583333333333334,1.0,0.04166666666666663,0.11545801526717557,,,,,,,,,,,,,,,,,,,,,,,,,,,,,,,,,,,,,,,,,,
dream_consolidation,30117,,,,,0.9666666666666667,1.0,0.033333333333333326,0.1228600201409869,,,,,,,,,,,,,,,,,,,,,,,,,,,,,,,,,,,,,,,,,,
dream_consolidation,30170,,,,,0.9666666666666667,1.0,0.033333333333333326,0.12564366632337795,,,,,,,,,,,,,,,,,,,,,,,,,,,,,,,,,,,,,,,,,,
dream_consolidation,30223,,,,,0.9583333333333334,1.0,0.04166666666666663,0.119140625,,,,,,,,,,,,,,,,,,,,,,,,,,,,,,,,,,,,,,,,,,
dream_consolidation,30276,,,,,0.975,1.0,0.025000000000000022,0.11747572815533981,,,,,,,,,,,,,,,,,,,,,,,,,,,,,,,,,,,,,,,,,,
dream_consolidation,30329,,,,,0.9333333333333333,1.0,0.06666666666666665,0.11932938856015779,,,,,,,,,,,,,,,,,,,,,,,,,,,,,,,,,,,,,,,,,,
dream_consolidation,30382,,,,,0.9333333333333333,1.0,0.06666666666666665,0.1171875,,,,,,,,,,,,,,,,,,,,,,,,,,,,,,,,,,,,,,,,,,
dream_consolidation,30435,,,,,0.9416666666666667,1.0,0.05833333333333335,0.11921182266009853,,,,,,,,,,,,,,,,,,,,,,,,,,,,,,,,,,,,,,,,,,
dream_consolidation,30488,,,,,0.9916666666666667,1.0,0.008333333333333304,0.11571841851494696,,,,,,,,,,,,,,,,,,,,,,,,,,,,,,,,,,,,,,,,,,
dream_consolidation,30541,,,,,0.9666666666666667,0.9916666666666667,0.025000000000000022,0.12879581151832462,,,,,,,,,,,,,,,,,,,,,,,,,,,,,,,,,,,,,,,,,,
dream_consolidation,30594,,,,,0.95,1.0,0.050000000000000044,0.11266294227188083,,,,,,,,,,,,,,,,,,,,,,,,,,,,,,,,,,,,,,,,,,
dream_consolidation,30647,,,,,0.95,1.0,0.050000000000000044,0.11601150527325024,,,,,,,,,,,,,,,,,,,,,,,,,,,,,,,,,,,,,,,,,,
dream_consolidation,30700,,,,,0.9416666666666667,0.9916666666666667,0.050000000000000044,0.12323232323232323,,,,,,,,,,,,,,,,,,,,,,,,,,,,,,,,,,,,,,,,,,
dream_consolidation,30753,,,,,0.9666666666666667,1.0,0.033333333333333326,0.12615384615384614,,,,,,,,,,,,,,,,,,,,,,,,,,,,,,,,,,,,,,,,,,
dream_consolidation,30806,,,,,0.9333333333333333,1.0,0.06666666666666665,0.12335692618806876,,,,,,,,,,,,,,,,,,,,,,,,,,,,,,,,,,,,,,,,,,
dream_consolidation,30859,,,,,0.975,1.0,0.025000000000000022,0.1214574898785425,,,,,,,,,,,,,,,,,,,,,,,,,,,,,,,,,,,,,,,,,,
dream_consolidation,30912,,,,,0.9833333333333333,1.0,0.01666666666666672,0.12063808574277168,,,,,,,,,,,,,,,,,,,,,,,,,,,,,,,,,,,,,,,,,,
dream_consolidation,30965,,,,,0.9583333333333334,1.0,0.04166666666666663,0.11080332409972299,,,,,,,,,,,,,,,,,,,,,,,,,,,,,,,,,,,,,,,,,,
dream_consolidation,31018,,,,,0.9583333333333334,1.0,0.04166666666666663,0.12160804020100502,,,,,,,,,,,,,,,,,,,,,,,,,,,,,,,,,,,,,,,,,,
dream_consolidation,31071,,,,,0.9666666666666667,1.0,0.033333333333333326,0.12075848303393213,,,,,,,,,,,,,,,,,,,,,,,,,,,,,,,,,,,,,,,,,,
dream_consolidation,31124,,,,,0.9583333333333334,1.0,0.04166666666666663,0.12055335968379446,,,,,,,,,,,,,,,,,,,,,,,,,,,,,,,,,,,,,,,,,,
dream_consolidation,31177,,,,,0.975,1.0,0.025000000000000022,0.11612284069097889,,,,,,,,,,,,,,,,,,,,,,,,,,,,,,,,,,,,,,,,,,
dream_consolidation,31230,,,,,0.975,1.0,0.025000000000000022,0.11131554737810488,,,,,,,,,,,,,,,,,,,,,,,,,,,,,,,,,,,,,,,,,,
dream_consolidation,31283,,,,,0.9333333333333333,0.9916666666666667,0.05833333333333335,0.12312312312312312,,,,,,,,,,,,,,,,,,,,,,,,,,,,,,,,,,,,,,,,,,
dream_consolidation,31336,,,,,0.9416666666666667,0.9916666666666667,0.050000000000000044,0.11549295774647887,,,,,,,,,,,,,,,,,,,,,,,,,,,,,,,,,,,,,,,,,,
dream_consolidation,31389,,,,,0.9583333333333334,1.0,0.04166666666666663,0.12398373983739837,,,,,,,,,,,,,,,,,,,,,,,,,,,,,,,,,,,,,,,,,,
dream_consolidation,31442,,,,,0.95,1.0,0.050000000000000044,0.12448559670781893,,,,,,,,,,,,,,,,,,,,,,,,,,,,,,,,,,,,,,,,,,
dream_consolidation,31495,,,,,0.9833333333333333,0.9916666666666667,0.008333333333333415,0.1251303441084463,,,,,,,,,,,,,,,,,,,,,,,,,,,,,,,,,,,,,,,,,,
dream_consolidation,31548,,,,,0.875,1.0,0.125,0.12879581151832462,,,,,,,,,,,,,,,,,,,,,,,,,,,,,,,,,,,,,,,,,,
dream_consolidation,31601,,,,,0.9583333333333334,1.0,0.04166666666666663,0.11556829035339064,,,,,,,,,,,,,,,,,,,,,,,,,,,,,,,,,,,,,,,,,,
dream_consolidation,31654,,,,,0.9833333333333333,1.0,0.01666666666666672,0.11707317073170732,,,,,,,,,,,,,,,,,,,,,,,,,,,,,,,,,,,,,,,,,,
dream_consolidation,31707,,,,,0.95,1.0,0.050000000000000044,0.11594202898550725,,,,,,,,,,,,,,,,,,,,,,,,,,,,,,,,,,,,,,,,,,
dream_consolidation,31760,,,,,0.9583333333333334,1.0,0.04166666666666663,0.12448559670781893,,,,,,,,,,,,,,,,,,,,,,,,,,,,,,,,,,,,,,,,,,
dream_consolidation,31813,,,,,0.9666666666666667,1.0,0.033333333333333326,0.11673151750972763,,,,,,,,,,,,,,,,,,,,,,,,,,,,,,,,,,,,,,,,,,
dream_consolidation,31866,,,,,0.95,1.0,0.050000000000000044,0.11619047619047619,,,,,,,,,,,,,,,,,,,,,,,,,,,,,,,,,,,,,,,,,,
dream_consolidation,31919,,,,,0.9583333333333334,1.0,0.04166666666666663,0.11601150527325024,,,,,,,,,,,,,,,,,,,,,,,,,,,,,,,,,,,,,,,,,,
dream_consolidation,31972,,,,,0.95,0.9916666666666667,0.04166666666666674,0.11725452812202097,,,,,,,,,,,,,,,,,,,,,,,,,,,,,,,,,,,,,,,,,,
dream_consolidation,32025,,,,,0.975,1.0,0.025000000000000022,0.11494252873563218,,,,,,,,,,,,,,,,,,,,,,,,,,,,,,,,,,,,,,,,,,
dream_consolidation,32078,,,,,0.9333333333333333,1.0,0.06666666666666665,0.11857707509881422,,,,,,,,,,,,,,,,,,,,,,,,,,,,,,,,,,,,,,,,,,
dream_consolidation,32131,,,,,0.95,1.0,0.050000000000000044,0.11616650532429816,,,,,,,,,,,,,,,,,,,,,,,,,,,,,,,,,,,,,,,,,,
dream_consolidation,32184,,,,,0.9666666666666667,1.0,0.033333333333333326,0.11874386653581943,,,,,,,,,,,,,,,,,,,,,,,,,,,,,,,,,,,,,,,,,,
dream_consolidation,32237,,,,,0.9833333333333333,0.9916666666666667,0.008333333333333415,0.1181026137463698,,,,,,,,,,,,,,,,,,,,,,,,,,,,,,,,,,,,,,,,,,
dream_consolidation,32290,,,,,0.9666666666666667,1.0,0.033333333333333326,0.11730205278592376,,,,,,,,,,,,,,,,,,,,,,,,,,,,,,,,,,,,,,,,,,
dream_consolidation,32343,,,,,0.9416666666666667,1.0,0.05833333333333335,0.11984282907662082,,,,,,,,,,,,,,,,,,,,,,,,,,,,,,,,,,,,,,,,,,
dream_consolidation,32396,,,,,0.9666666666666667,1.0,0.033333333333333326,0.11811023622047244,,,,,,,,,,,,,,,,,,,,,,,,,,,,,,,,,,,,,,,,,,
dream_consolidation,32449,,,,,0.9833333333333333,1.0,0.01666666666666672,0.11968348170128586,,,,,,,,,,,,,,,,,,,,,,,,,,,,,,,,,,,,,,,,,,
dream_consolidation,32502,,,,,0.95,1.0,0.050000000000000044,0.12187812187812187,,,,,,,,,,,,,,,,,,,,,,,,,,,,,,,,,,,,,,,,,,
dream_consolidation,32555,,,,,0.925,1.0,0.07499999999999996,0.11798839458413926,,,,,,,,,,,,,,,,,,,,,,,,,,,,,,,,,,,,,,,,,,
dream_consolidation,32608,,,,,0.9666666666666667,1.0,0.033333333333333326,0.119960668633235,,,,,,,,,,,,,,,,,,,,,,,,,,,,,,,,,,,,,,,,,,
dream_consolidation,32661,,,,,0.975,1.0,0.025000000000000022,0.11695906432748537,,,,,,,,,,,,,,,,,,,,,,,,,,,,,,,,,,,,,,,,,,
dream_consolidation,32714,,,,,0.9416666666666667,1.0,0.05833333333333335,0.11673151750972763,,,,,,,,,,,,,,,,,,,,,,,,,,,,,,,,,,,,,,,,,,
dream_consolidation,32767,,,,,0.9333333333333333,1.0,0.06666666666666665,0.12103174603174603,,,,,,,,,,,,,,,,,,,,,,,,,,,,,,,,,,,,,,,,,,
dream_consolidation,32820,,,,,0.9583333333333334,1.0,0.04166666666666663,0.12185297079556898,,,,,,,,,,,,,,,,,,,,,,,,,,,,,,,,,,,,,,,,,,
dream_consolidation,32873,,,,,0.975,1.0,0.025000000000000022,0.12209889001009082,,,,,,,,,,,,,,,,,,,,,,,,,,,,,,,,,,,,,,,,,,
dream_consolidation,32926,,,,,0.9916666666666667,1.0,0.008333333333333304,0.11287313432835822,,,,,,,,,,,,,,,,,,,,,,,,,,,,,,,,,,,,,,,,,,
dream_consolidation,32979,,,,,0.95,1.0,0.050000000000000044,0.12359550561797752,,,,,,,,,,,,,,,,,,,,,,,,,,,,,,,,,,,,,,,,,,
dream_consolidation,33032,,,,,0.95,1.0,0.050000000000000044,0.11342155009451796,,,,,,,,,,,,,,,,,,,,,,,,,,,,,,,,,,,,,,,,,,
dream_consolidation,33085,,,,,0.9833333333333333,1.0,0.01666666666666672,0.11549566891241578,,,,,,,,,,,,,,,,,,,,,,,,,,,,,,,,,,,,,,,,,,
dream_consolidation,33138,,,,,0.925,1.0,0.07499999999999996,0.1214859437751004,,,,,,,,,,,,,,,,,,,,,,,,,,,,,,,,,,,,,,,,,,
pad_risk,30011,,,,,,,,,0.32120531911414735,0.3390678385762088,0.7846153846153846,0.7538461538461538,,,,,,,,,,,,,,,,,,,,,,,,,,,,,,,,,,,,,,
pad_risk,30064,,,,,,,,,0.31485276121359146,0.3303543803266853,0.7424242424242424,0.6931818181818182,,,,,,,,,,,,,,,,,,,,,,,,,,,,,,,,,,,,,,
pad_risk,30117,,,,,,,,,0.31500835261687143,0.3309543740202624,0.781021897810219,0.7153284671532847,,,,,,,,,,,,,,,,,,,,,,,,,,,,,,,,,,,,,,
pad_risk,30170,,,,,,,,,0.32614581723126773,0.3369734628718575,0.7832699619771863,0.7414448669201521,,,,,,,,,,,,,,,,,,,,,,,,,,,,,,,,,,,,,,
pad_risk,30223,,,,,,,,,0.31905750588284876,0.3346771036873032,0.7345454545454545,0.7090909090909091,,,,,,,,,,,,,,,,,,,,,,,,,,,,,,,,,,,,,,
pad_risk,30276,,,,,,,,,0.31216588060697886,0.33148408474787794,0.7027027027027027,0.6872586872586872,,,,,,,,,,,,,,,,,,,,,,,,,,,,,,,,,,,,,,
pad_risk,30329,,,,,,,,,0.3187210130928516,0.33391750339030396,0.7579365079365079,0.7182539682539683,,,,,,,,,,,,,,,,,,,,,,,,,,,,,,,,,,,,,,
pad_risk,30382,,,,,,,,,0.31034447980454943,0.32278197608354553,0.7196969696969697,0.6893939393939394,,,,,,,,,,,,,,,,,,,,,,,,,,,,,,,,,,,,,,
pad_risk,30435,,,,,,,,,0.31768019201555,0.33346557347645445,0.7344398340248963,0.6970954356846473,,,,,,,,,,,,,,,,,,,,,,,,,,,,,,,,,,,,,,
pad_risk,30488,,,,,,,,,0.3296301424408062,0.34474517992869513,0.7463768115942029,0.7137681159420289,,,,,,,,,,,,,,,,,,,,,,,,,,,,,,,,,,,,,,
pad_risk,30541,,,,,,,,,0.3119026846074699,0.3297704250233886,0.7602996254681648,0.7228464419475655,,,,,,,,,,,,,,,,,,,,,,,,,,,,,,,,,,,,,,
pad_risk,30594,,,,,,,,,0.31260445044966984,0.3316030719040224,0.7450199203187251,0.7250996015936255,,,,,,,,,,,,,,,,,,,,,,,,,,,,,,,,,,,,,,
pad_risk,30647,,,,,,,,,0.3158157480487202,0.33072361314455057,0.7265625,0.69921875,,,,,,,,,,,,,,,,,,,,,,,,,,,,,,,,,,,,,,
pad_risk,30700,,,,,,,,,0.3060034182506954,0.3259016018946136,0.7205240174672489,0.6943231441048034,,,,,,,,,,,,,,,,,,,,,,,,,,,,,,,,,,,,,,
pad_risk,30753,,,,,,,,,0.3122427854655037,0.33018671262930277,0.7314814814814815,0.6944444444444444,,,,,,,,,,,,,,,,,,,,,,,,,,,,,,,,,,,,,,
pad_risk,30806,,,,,,,,,0.31250916567861586,0.3292555968935649,0.7309236947791165,0.6907630522088354,,,,,,,,,,,,,,,,,,,,,,,,,,,,,,,,,,,,,,
pad_risk,30859,,,,,,,,,0.31704102346325286,0.33349175969830697,0.7798507462686567,0.7574626865671642,,,,,,,,,,,,,,,,,,,,,,,,,,,,,,,,,,,,,,
pad_risk,30912,,,,,,,,,0.314409713272868,0.3362093868746408,0.7790262172284644,0.7565543071161048,,,,,,,,,,,,,,,,,,,,,,,,,,,,,,,,,,,,,,
pad_risk,30965,,,,,,,,,0.3089198491717759,0.32306672063809583,0.7479674796747967,0.6991869918699187,,,,,,,,,,,,,,,,,,,,,,,,,,,,,,,,,,,,,,
pad_risk,31018,,,,,,,,,0.3082657028141804,0.3257332909413075,0.7403100775193798,0.7131782945736435,,,,,,,,,,,,,,,,,,,,,,,,,,,,,,,,,,,,,,
pad_risk,31071,,,,,,,,,0.3212341174070189,0.33682484061377826,0.8,0.76,,,,,,,,,,,,,,,,,,,,,,,,,,,,,,,,,,,,,,
pad_risk,31124,,,,,,,,,0.32525944086041886,0.3392520959452044,0.7379032258064516,0.7056451612903226,,,,,,,,,,,,,,,,,,,,,,,,,,,,,,,,,,,,,,
pad_risk,31177,,,,,,,,,0.31523091750012866,0.3306748057695001,0.736,0.696,,,,,,,,,,,,,,,,,,,,,,,,,,,,,,,,,,,,,,
pad_risk,31230,,,,,,,,,0.30787971717874474,0.3261944809783763,0.7606177606177607,0.722007722007722,,,,,,,,,,,,,,,,,,,,,,,,,,,,,,,,,,,,,,
pad_risk,31283,,,,,,,,,0.322823060218894,0.33498374473070963,0.7366412213740458,0.7022900763358778,,,,,,,,,,,,,,,,,,,,,,,,,,,,,,,,,,,,,,
pad_risk,31336,,,,,,,,,0.31002116242655764,0.32491483500654844,0.75,0.7201492537313433,,,,,,,,,,,,,,,,,,,,,,,,,,,,,,,,,,,,,,
pad_risk,31389,,,,,,,,,0.2976666300020516,0.31873590739976315,0.7682926829268293,0.7357723577235772,,,,,,,,,,,,,,,,,,,,,,,,,,,,,,,,,,,,,,
pad_risk,31442,,,,,,,,,0.3133361049944621,0.3308895446808568,0.7805755395683454,0.7446043165467626,,,,,,,,,,,,,,,,,,,,,,,,,,,,,,,,,,,,,,
pad_risk,31495,,,,,,,,,0.3107755989896558,0.3245089002896537,0.8040816326530612,0.7714285714285715,,,,,,,,,,,,,,,,,,,,,,,,,,,,,,,,,,,,,,
pad_risk,31548,,,,,,,,,0.31055709816480886,0.3303206548984747,0.7905138339920948,0.7628458498023716,,,,,,,,,,,,,,,,,,,,,,,,,,,,,,,,,,,,,,
pad_risk,31601,,,,,,,,,0.3076122885561971,0.32757915020302053,0.6857142857142857,0.6448979591836734,,,,,,,,,,,,,,,,,,,,,,,,,,,,,,,,,,,,,,
pad_risk,31654,,,,,,,,,0.3172340836031707,0.33337709625461104,0.7580071174377224,0.7295373665480427,,,,,,,,,,,,,,,,,,,,,,,,,,,,,,,,,,,,,,
pad_risk,31707,,,,,,,,,0.31472631111789284,0.33244829819253924,0.6955017301038062,0.671280276816609,,,,,,,,,,,,,,,,,,,,,,,,,,,,,,,,,,,,,,
pad_risk,31760,,,,,,,,,0.3221377806342692,0.3353771557991699,0.7795275590551181,0.7519685039370079,,,,,,,,,,,,,,,,,,,,,,,,,,,,,,,,,,,,,,
pad_risk,31813,,,,,,,,,0.3086334654210417,0.32606087582959986,0.7510204081632653,0.7306122448979592,,,,,,,,,,,,,,,,,,,,,,,,,,,,,,,,,,,,,,
pad_risk,31866,,,,,,,,,0.31326173339896035,0.32695879680676965,0.7593984962406015,0.7105263157894737,,,,,,,,,,,,,,,,,,,,,,,,,,,,,,,,,,,,,,
pad_risk,31919,,,,,,,,,0.30504817755195573,0.3248938861852711,0.7094017094017094,0.6709401709401709,,,,,,,,,,,,,,,,,,,,,,,,,,,,,,,,,,,,,,
pad_risk,31972,,,,,,,,,0.306697036954475,0.3291386019871242,0.732,0.704,,,,,,,,,,,,,,,,,,,,,,,,,,,,,,,,,,,,,,
pad_risk,32025,,,,,,,,,0.31026892079214874,0.32873727976065764,0.7747035573122529,0.7233201581027668,,,,,,,,,,,,,,,,,,,,,,,,,,,,,,,,,,,,,,
pad_risk,32078,,,,,,,,,0.31642305105507035,0.33548296540138445,0.7923076923076923,0.7653846153846153,,,,,,,,,,,,,,,,,,,,,,,,,,,,,,,,,,,,,,
pad_risk,32131,,,,,,,,,0.3144318741072286,0.33044611581009803,0.7346938775510204,0.6857142857142857,,,,,,,,,,,,,,,,,,,,,,,,,,,,,,,,,,,,,,
pad_risk,32184,,,,,,,,,0.3171149159980992,0.3317584615668398,0.7480314960629921,0.7165354330708661,,,,,,,,,,,,,,,,,,,,,,,,,,,,,,,,,,,,,,
pad_risk,32237,,,,,,,,,0.31797543579155213,0.3345782257916494,0.7283950617283951,0.6872427983539094,,,,,,,,,,,,,,,,,,,,,,,,,,,,,,,,,,,,,,
pad_risk,32290,,,,,,,,,0.3103569523383381,0.32477428282919973,0.736,0.688,,,,,,,,,,,,,,,,,,,,,,,,,,,,,,,,,,,,,,
pad_risk,32343,,,,,,,,,0.31376047004367547,0.33076101525160917,0.7394636015325671,0.685823754789272,,,,,,,,,,,,,,,,,,,,,,,,,,,,,,,,,,,,,,
pad_risk,32396,,,,,,,,,0.30576877243014616,0.3272724201899765,0.7125506072874493,0.6923076923076923,,,,,,,,,,,,,,,,,,,,,,,,,,,,,,,,,,,,,,
pad_risk,32449,,,,,,,,,0.3074821756123095,0.324663098436648,0.7843137254901961,0.7254901960784313,,,,,,,,,,,,,,,,,,,,,,,,,,,,,,,,,,,,,,
pad_risk,32502,,,,,,,,,0.3180752019100761,0.3320355213632014,0.779467680608365,0.7186311787072244,,,,,,,,,,,,,,,,,,,,,,,,,,,,,,,,,,,,,,
pad_risk,32555,,,,,,,,,0.3085648369897364,0.32559489031557215,0.7824267782426778,0.7447698744769874,,,,,,,,,,,,,,,,,,,,,,,,,,,,,,,,,,,,,,
pad_risk,32608,,,,,,,,,0.3057958459753005,0.3270224021788867,0.7818930041152263,0.7407407407407407,,,,,,,,,,,,,,,,,,,,,,,,,,,,,,,,,,,,,,
pad_risk,32661,,,,,,,,,0.3117687933788242,0.32809839007550384,0.7651515151515151,0.7007575757575758,,,,,,,,,,,,,,,,,,,,,,,,,,,,,,,,,,,,,,
pad_risk,32714,,,,,,,,,0.3177090260479791,0.33395647312322013,0.7558139534883721,0.7209302325581395,,,,,,,,,,,,,,,,,,,,,,,,,,,,,,,,,,,,,,
pad_risk,32767,,,,,,,,,0.3149667777880955,0.3302804747595891,0.7401574803149606,0.7125984251968503,,,,,,,,,,,,,,,,,,,,,,,,,,,,,,,,,,,,,,
pad_risk,32820,,,,,,,,,0.31329872082464955,0.33370496383429826,0.7611336032388664,0.728744939271255,,,,,,,,,,,,,,,,,,,,,,,,,,,,,,,,,,,,,,
pad_risk,32873,,,,,,,,,0.3092537734440847,0.3313007215558864,0.8171206225680934,0.754863813229572,,,,,,,,,,,,,,,,,,,,,,,,,,,,,,,,,,,,,,
pad_risk,32926,,,,,,,,,0.31927588361443865,0.3343052540909966,0.7807692307692308,0.7461538461538462,,,,,,,,,,,,,,,,,,,,,,,,,,,,,,,,,,,,,,
pad_risk,32979,,,,,,,,,0.31610393110830104,0.32951986847218734,0.7712177121771218,0.7416974169741697,,,,,,,,,,,,,,,,,,,,,,,,,,,,,,,,,,,,,,
pad_risk,33032,,,,,,,,,0.3154681673931158,0.33359529300713164,0.7653846153846153,0.7346153846153847,,,,,,,,,,,,,,,,,,,,,,,,,,,,,,,,,,,,,,
pad_risk,33085,,,,,,,,,0.29457164771081584,0.31417096339765527,0.757201646090535,0.720164609053498,,,,,,,,,,,,,,,,,,,,,,,,,,,,,,,,,,,,,,
pad_risk,33138,,,,,,,,,0.3140840895496917,0.33255408547292015,0.7131474103585658,0.6892430278884463,,,,,,,,,,,,,,,,,,,,,,,,,,,,,,,,,,,,,,
tam_postpone,30011,,,,,,,,,,,,,39.0,35.0,2.0,43.0,,,,,,,,,,,,,,,,,,,,,,,,,,,,,,,,,,
tam_postpone,30064,,,,,,,,,,,,,40.0,32.0,7.0,37.0,,,,,,,,,,,,,,,,,,,,,,,,,,,,,,,,,,
tam_postpone,30117,,,,,,,,,,,,,44.0,40.0,3.0,44.0,,,,,,,,,,,,,,,,,,,,,,,,,,,,,,,,,,
tam_postpone,30170,,,,,,,,,,,,,41.0,34.0,4.0,40.0,,,,,,,,,,,,,,,,,,,,,,,,,,,,,,,,,,
tam_postpone,30223,,,,,,,,,,,,,38.0,35.0,2.0,39.0,,,,,,,,,,,,,,,,,,,,,,,,,,,,,,,,,,
tam_postpone,30276,,,,,,,,,,,,,41.0,34.0,3.0,38.0,,,,,,,,,,,,,,,,,,,,,,,,,,,,,,,,,,
tam_postpone,30329,,,,,,,,,,,,,42.0,36.0,4.0,42.0,,,,,,,,,,,,,,,,,,,,,,,,,,,,,,,,,,
tam_postpone,30382,,,,,,,,,,,,,37.0,39.0,1.0,40.0,,,,,,,,,,,,,,,,,,,,,,,,,,,,,,,,,,
tam_postpone,30435,,,,,,,,,,,,,34.0,30.0,0.0,45.0,,,,,,,,,,,,,,,,,,,,,,,,,,,,,,,,,,
tam_postpone,30488,,,,,,,,,,,,,39.0,38.0,5.0,42.0,,,,,,,,,,,,,,,,,,,,,,,,,,,,,,,,,,
tam_postpone,30541,,,,,,,,,,,,,43.0,27.0,3.0,40.0,,,,,,,,,,,,,,,,,,,,,,,,,,,,,,,,,,
tam_postpone,30594,,,,,,,,,,,,,35.0,40.0,3.0,42.0,,,,,,,,,,,,,,,,,,,,,,,,,,,,,,,,,,
tam_postpone,30647,,,,,,,,,,,,,39.0,35.0,3.0,37.0,,,,,,,,,,,,,,,,,,,,,,,,,,,,,,,,,,
tam_postpone,30700,,,,,,,,,,,,,30.0,28.0,3.0,37.0,,,,,,,,,,,,,,,,,,,,,,,,,,,,,,,,,,
tam_postpone,30753,,,,,,,,,,,,,37.0,35.0,3.0,45.0,,,,,,,,,,,,,,,,,,,,,,,,,,,,,,,,,,
tam_postpone,30806,,,,,,,,,,,,,45.0,40.0,2.0,39.0,,,,,,,,,,,,,,,,,,,,,,,,,,,,,,,,,,
tam_postpone,30859,,,,,,,,,,,,,38.0,34.0,8.0,44.0,,,,,,,,,,,,,,,,,,,,,,,,,,,,,,,,,,
tam_postpone,30912,,,,,,,,,,,,,38.0,34.0,1.0,40.0,,,,,,,,,,,,,,,,,,,,,,,,,,,,,,,,,,
tam_postpone,30965,,,,,,,,,,,,,38.0,26.0,5.0,39.0,,,,,,,,,,,,,,,,,,,,,,,,,,,,,,,,,,
tam_postpone,31018,,,,,,,,,,,,,42.0,38.0,4.0,40.0,,,,,,,,,,,,,,,,,,,,,,,,,,,,,,,,,,
tam_postpone,31071,,,,,,,,,,,,,43.0,40.0,3.0,38.0,,,,,,,,,,,,,,,,,,,,,,,,,,,,,,,,,,
tam_postpone,31124,,,,,,,,,,,,,36.0,36.0,2.0,44.0,,,,,,,,,,,,,,,,,,,,,,,,,,,,,,,,,,
tam_postpone,31177,,,,,,,,,,,,,44.0,39.0,4.0,41.0,,,,,,,,,,,,,,,,,,,,,,,,,,,,,,,,,,
tam_postpone,31230,,,,,,,,,,,,,43.0,40.0,4.0,41.0,,,,,,,,,,,,,,,,,,,,,,,,,,,,,,,,,,
tam_postpone,31283,,,,,,,,,,,,,33.0,31.0,2.0,46.0,,,,,,,,,,,,,,,,,,,,,,,,,,,,,,,,,,
tam_postpone,31336,,,,,,,,,,,,,42.0,34.0,1.0,35.0,,,,,,,,,,,,,,,,,,,,,,,,,,,,,,,,,,
tam_postpone,31389,,,,,,,,,,,,,35.0,29.0,2.0,43.0,,,,,,,,,,,,,,,,,,,,,,,,,,,,,,,,,,
tam_postpone,31442,,,,,,,,,,,,,36.0,33.0,5.0,43.0,,,,,,,,,,,,,,,,,,,,,,,,,,,,,,,,,,
tam_postpone,31495,,,,,,,,,,,,,41.0,34.0,2.0,40.0,,,,,,,,,,,,,,,,,,,,,,,,,,,,,,,,,,
tam_postpone,31548,,,,,,,,,,,,,47.0,41.0,1.0,40.0,,,,,,,,,,,,,,,,,,,,,,,,,,,,,,,,,,
tam_postpone,31601,,,,,,,,,,,,,39.0,42.0,1.0,43.0,,,,,,,,,,,,,,,,,,,,,,,,,,,,,,,,,,
tam_postpone,31654,,,,,,,,,,,,,39.0,38.0,0.0,43.0,,,,,,,,,,,,,,,,,,,,,,,,,,,,,,,,,,
tam_postpone,31707,,,,,,,,,,,,,40.0,31.0,3.0,43.0,,,,,,,,,,,,,,,,,,,,,,,,,,,,,,,,,,
tam_postpone,31760,,,,,,,,,,,,,37.0,30.0,5.0,43.0,,,,,,,,,,,,,,,,,,,,,,,,,,,,,,,,,,
tam_postpone,31813,,,,,,,,,,,,,37.0,33.0,3.0,40.0,,,,,,,,,,,,,,,,,,,,,,,,,,,,,,,,,,
tam_postpone,31866,,,,,,,,,,,,,36.0,36.0,4.0,45.0,,,,,,,,,,,,,,,,,,,,,,,,,,,,,,,,,,
tam_postpone,31919,,,,,,,,,,,,,33.0,28.0,2.0,40.0,,,,,,,,,,,,,,,,,,,,,,,,,,,,,,,,,,
tam_postpone,31972,,,,,,,,,,,,,44.0,33.0,7.0,40.0,,,,,,,,,,,,,,,,,,,,,,,,,,,,,,,,,,
tam_postpone,32025,,,,,,,,,,,,,36.0,32.0,1.0,43.0,,,,,,,,,,,,,,,,,,,,,,,,,,,,,,,,,,
tam_postpone,32078,,,,,,,,,,,,,42.0,40.0,4.0,42.0,,,,,,,,,,,,,,,,,,,,,,,,,,,,,,,,,,
tam_postpone,32131,,,,,,,,,,,,,40.0,38.0,4.0,41.0,,,,,,,,,,,,,,,,,,,,,,,,,,,,,,,,,,
tam_postpone,32184,,,,,,,,,,,,,36.0,32.0,3.0,47.0,,,,,,,,,,,,,,,,,,,,,,,,,,,,,,,,,,
tam_postpone,32237,,,,,,,,,,,,,37.0,39.0,2.0,44.0,,,,,,,,,,,,,,,,,,,,,,,,,,,,,,,,,,
tam_postpone,32290,,,,,,,,,,,,,43.0,34.0,2.0,38.0,,,,,,,,,,,,,,,,,,,,,,,,,,,,,,,,,,
tam_postpone,32343,,,,,,,,,,,,,37.0,32.0,0.0,38.0,,,,,,,,,,,,,,,,,,,,,,,,,,,,,,,,,,
tam_postpone,32396,,,,,,,,,,,,,28.0,32.0,1.0,47.0,,,,,,,,,,,,,,,,,,,,,,,,,,,,,,,,,,
tam_postpone,32449,,,,,,,,,,,,,37.0,35.0,5.0,41.0,,,,,,,,,,,,,,,,,,,,,,,,,,,,,,,,,,
tam_postpone,32502,,,,,,,,,,,,,38.0,38.0,2.0,39.0,,,,,,,,,,,,,,,,,,,,,,,,,,,,,,,,,,
tam_postpone,32555,,,,,,,,,,,,,39.0,33.0,3.0,42.0,,,,,,,,,,,,,,,,,,,,,,,,,,,,,,,,,,
tam_postpone,32608,,,,,,,,,,,,,38.0,33.0,3.0,41.0,,,,,,,,,,,,,,,,,,,,,,,,,,,,,,,,,,
tam_postpone,32661,,,,,,,,,,,,,35.0,34.0,2.0,44.0,,,,,,,,,,,,,,,,,,,,,,,,,,,,,,,,,,
tam_postpone,32714,,,,,,,,,,,,,37.0,32.0,6.0,43.0,,,,,,,,,,,,,,,,,,,,,,,,,,,,,,,,,,
tam_postpone,32767,,,,,,,,,,,,,32.0,39.0,1.0,48.0,,,,,,,,,,,,,,,,,,,,,,,,,,,,,,,,,,
tam_postpone,32820,,,,,,,,,,,,,42.0,43.0,5.0,43.0,,,,,,,,,,,,,,,,,,,,,,,,,,,,,,,,,,
tam_postpone,32873,,,,,,,,,,,,,39.0,33.0,3.0,43.0,,,,,,,,,,,,,,,,,,,,,,,,,,,,,,,,,,
tam_postpone,32926,,,,,,,,,,,,,41.0,37.0,3.0,37.0,,,,,,,,,,,,,,,,,,,,,,,,,,,,,,,,,,
tam_postpone,32979,,,,,,,,,,,,,31.0,30.0,6.0,39.0,,,,,,,,,,,,,,,,,,,,,,,,,,,,,,,,,,
tam_postpone,33032,,,,,,,,,,,,,41.0,33.0,2.0,47.0,,,,,,,,,,,,,,,,,,,,,,,,,,,,,,,,,,
tam_postpone,33085,,,,,,,,,,,,,35.0,28.0,3.0,42.0,,,,,,,,,,,,,,,,,,,,,,,,,,,,,,,,,,
tam_postpone,33138,,,,,,,,,,,,,39.0,37.0,3.0,45.0,,,,,,,,,,,,,,,,,,,,,,,,,,,,,,,,,,
auto_cue,30011,,,,,,,,,,,,,,,,,0.7854003583446373,,,,,,,,,,,,,,,,,,,,,,,,,,,,,,,,,
auto_cue,30064,,,,,,,,,,,,,,,,,0.7777558312860291,,,,,,,,,,,,,,,,,,,,,,,,,,,,,,,,,
auto_cue,30117,,,,,,,,,,,,,,,,,0.7848040033630771,,,,,,,,,,,,,,,,,,,,,,,,,,,,,,,,,
auto_cue,30170,,,,,,,,,,,,,,,,,0.7884006161763017,,,,,,,,,,,,,,,,,,,,,,,,,,,,,,,,,
auto_cue,30223,,,,,,,,,,,,,,,,,0.7830627867029689,,,,,,,,,,,,,,,,,,,,,,,,,,,,,,,,,
auto_cue,30276,,,,,,,,,,,,,,,,,0.7868219161285276,,,,,,,,,,,,,,,,,,,,,,,,,,,,,,,,,
auto_cue,30329,,,,,,,,,,,,,,,,,0.7808173463595963,,,,,,,,,,,,,,,,,,,,,,,,,,,,,,,,,
auto_cue,30382,,,,,,,,,,,,,,,,,0.7844035062953424,,,,,,,,,,,,,,,,,,,,,,,,,,,,,,,,,
auto_cue,30435,,,,,,,,,,,,,,,,,0.7835977933430165,,,,,,,,,,,,,,,,,,,,,,,,,,,,,,,,,
auto_cue,30488,,,,,,,,,,,,,,,,,0.7894727549520598,,,,,,,,,,,,,,,,,,,,,,,,,,,,,,,,,
auto_cue,30541,,,,,,,,,,,,,,,,,0.7803445417291643,,,,,,,,,,,,,,,,,,,,,,,,,,,,,,,,,
auto_cue,30594,,,,,,,,,,,,,,,,,0.7832993707881208,,,,,,,,,,,,,,,,,,,,,,,,,,,,,,,,,
auto_cue,30647,,,,,,,,,,,,,,,,,0.7770209118177573,,,,,,,,,,,,,,,,,,,,,,,,,,,,,,,,,
auto_cue,30700,,,,,,,,,,,,,,,,,0.7833806412039697,,,,,,,,,,,,,,,,,,,,,,,,,,,,,,,,,
auto_cue,30753,,,,,,,,,,,,,,,,,0.7744430105438453,,,,,,,,,,,,,,,,,,,,,,,,,,,,,,,,,
auto_cue,30806,,,,,,,,,,,,,,,,,0.7770434878588183,,,,,,,,,,,,,,,,,,,,,,,,,,,,,,,,,
auto_cue,30859,,,,,,,,,,,,,,,,,0.7856982238362398,,,,,,,,,,,,,,,,,,,,,,,,,,,,,,,,,
auto_cue,30912,,,,,,,,,,,,,,,,,0.7795642335146086,,,,,,,,,,,,,,,,,,,,,,,,,,,,,,,,,
auto_cue,30965,,,,,,,,,,,,,,,,,0.7798760358845249,,,,,,,,,,,,,,,,,,,,,,,,,,,,,,,,,
auto_cue,31018,,,,,,,,,,,,,,,,,0.7796392024854695,,,,,,,,,,,,,,,,,,,,,,,,,,,,,,,,,
auto_cue,31071,,,,,,,,,,,,,,,,,0.7855521432530491,,,,,,,,,,,,,,,,,,,,,,,,,,,,,,,,,
auto_cue,31124,,,,,,,,,,,,,,,,,0.7853812827588894,,,,,,,,,,,,,,,,,,,,,,,,,,,,,,,,,
auto_cue,31177,,,,,,,,,,,,,,,,,0.7802995968752374,,,,,,,,,,,,,,,,,,,,,,,,,,,,,,,,,
auto_cue,31230,,,,,,,,,,,,,,,,,0.7868970544764216,,,,,,,,,,,,,,,,,,,,,,,,,,,,,,,,,
auto_cue,31283,,,,,,,,,,,,,,,,,0.7915362230645752,,,,,,,,,,,,,,,,,,,,,,,,,,,,,,,,,
auto_cue,31336,,,,,,,,,,,,,,,,,0.7775988109116768,,,,,,,,,,,,,,,,,,,,,,,,,,,,,,,,,
auto_cue,31389,,,,,,,,,,,,,,,,,0.7782395999509159,,,,,,,,,,,,,,,,,,,,,,,,,,,,,,,,,
auto_cue,31442,,,,,,,,,,,,,,,,,0.7742750985038324,,,,,,,,,,,,,,,,,,,,,,,,,,,,,,,,,
auto_cue,31495,,,,,,,,,,,,,,,,,0.787979132393343,,,,,,,,,,,,,,,,,,,,,,,,,,,,,,,,,
auto_cue,31548,,,,,,,,,,,,,,,,,0.777055046611214,,,,,,,,,,,,,,,,,,,,,,,,,,,,,,,,,
auto_cue,31601,,,,,,,,,,,,,,,,,0.7807085432942905,,,,,,,,,,,,,,,,,,,,,,,,,,,,,,,,,
auto_cue,31654,,,,,,,,,,,,,,,,,0.7806905171088768,,,,,,,,,,,,,,,,,,,,,,,,,,,,,,,,,
auto_cue,31707,,,,,,,,,,,,,,,,,0.7815529078927639,,,,,,,,,,,,,,,,,,,,,,,,,,,,,,,,,
auto_cue,31760,,,,,,,,,,,,,,,,,0.7853787861741911,,,,,,,,,,,,,,,,,,,,,,,,,,,,,,,,,
auto_cue,31813,,,,,,,,,,,,,,,,,0.7839684751795696,,,,,,,,,,,,,,,,,,,,,,,,,,,,,,,,,
auto_cue,31866,,,,,,,,,,,,,,,,,0.7791608525285159,,,,,,,,,,,,,,,,,,,,,,,,,,,,,,,,,
auto_cue,31919,,,,,,,,,,,,,,,,,0.7768669882050973,,,,,,,,,,,,,,,,,,,,,,,,,,,,,,,,,
auto_cue,31972,,,,,,,,,,,,,,,,,0.7760789926794678,,,,,,,,,,,,,,,,,,,,,,,,,,,,,,,,,
auto_cue,32025,,,,,,,,,,,,,,,,,0.7783540093305068,,,,,,,,,,,,,,,,,,,,,,,,,,,,,,,,,
auto_cue,32078,,,,,,,,,,,,,,,,,0.7793359148671435,,,,,,,,,,,,,,,,,,,,,,,,,,,,,,,,,
auto_cue,32131,,,,,,,,,,,,,,,,,0.7771880075439083,,,,,,,,,,,,,,,,,,,,,,,,,,,,,,,,,
auto_cue,32184,,,,,,,,,,,,,,,,,0.7788138238716942,,,,,,,,,,,,,,,,,,,,,,,,,,,,,,,,,
auto_cue,32237,,,,,,,,,,,,,,,,,0.7848336797988428,,,,,,,,,,,,,,,,,,,,,,,,,,,,,,,,,
auto_cue,32290,,,,,,,,,,,,,,,,,0.7878943435812912,,,,,,,,,,,,,,,,,,,,,,,,,,,,,,,,,
auto_cue,32343,,,,,,,,,,,,,,,,,0.7841851825126521,,,,,,,,,,,,,,,,,,,,,,,,,,,,,,,,,
auto_cue,32396,,,,,,,,,,,,,,,,,0.7903090385737973,,,,,,,,,,,,,,,,,,,,,,,,,,,,,,,,,
auto_cue,32449,,,,,,,,,,,,,,,,,0.7828791172825651,,,,,,,,,,,,,,,,,,,,,,,,,,,,,,,,,
auto_cue,32502,,,,,,,,,,,,,,,,,0.7878703770752069,,,,,,,,,,,,,,,,,,,,,,,,,,,,,,,,,
auto_cue,32555,,,,,,,,,,,,,,,,,0.7837694112474979,,,,,,,,,,,,,,,,,,,,,,,,,,,,,,,,,
auto_cue,32608,,,,,,,,,,,,,,,,,0.7817114166314036,,,,,,,,,,,,,,,,,,,,,,,,,,,,,,,,,
auto_cue,32661,,,,,,,,,,,,,,,,,0.7887479658301617,,,,,,,,,,,,,,,,,,,,,,,,,,,,,,,,,
auto_cue,32714,,,,,,,,,,,,,,,,,0.7770647791316245,,,,,,,,,,,,,,,,,,,,,,,,,,,,,,,,,
auto_cue,32767,,,,,,,,,,,,,,,,,0.7842640521439824,,,,,,,,,,,,,,,,,,,,,,,,,,,,,,,,,
auto_cue,32820,,,,,,,,,,,,,,,,,0.7803736569368372,,,,,,,,,,,,,,,,,,,,,,,,,,,,,,,,,
auto_cue,32873,,,,,,,,,,,,,,,,,0.7798301522300072,,,,,,,,,,,,,,,,,,,,,,,,,,,,,,,,,
auto_cue,32926,,,,,,,,,,,,,,,,,0.776979397972067,,,,,,,,,,,,,,,,,,,,,,,,,,,,,,,,,
auto_cue,32979,,,,,,,,,,,,,,,,,0.7802004757272923,,,,,,,,,,,,,,,,,,,,,,,,,,,,,,,,,
auto_cue,33032,,,,,,,,,,,,,,,,,0.7846679569857783,,,,,,,,,,,,,,,,,,,,,,,,,,,,,,,,,
auto_cue,33085,,,,,,,,,,,,,,,,,0.7871035194432036,,,,,,,,,,,,,,,,,,,,,,,,,,,,,,,,,
auto_cue,33138,,,,,,,,,,,,,,,,,0.7862426400386149,,,,,,,,,,,,,,,,,,,,,,,,,,,,,,,,,
curiosity,30011,,,,,,,,,,,,,,,,,,0.9666666666666667,0.8888888888888888,10.0,18.0,6.0,,,,,,,,,,,,,,,,,,,,,,,,,,,,
curiosity,30064,,,,,,,,,,,,,,,,,,0.8857142857142857,1.0,10.0,11.0,6.0,,,,,,,,,,,,,,,,,,,,,,,,,,,,
curiosity,30117,,,,,,,,,,,,,,,,,,0.35,1.0,7.0,16.0,6.0,,,,,,,,,,,,,,,,,,,,,,,,,,,,
curiosity,30170,,,,,,,,,,,,,,,,,,1.0,1.0,8.0,13.0,6.0,,,,,,,,,,,,,,,,,,,,,,,,,,,,
curiosity,30223,,,,,,,,,,,,,,,,,,0.09523809523809523,0.9230769230769231,9.0,13.0,6.0,,,,,,,,,,,,,,,,,,,,,,,,,,,,
curiosity,30276,,,,,,,,,,,,,,,,,,0.8611111111111112,0.9166666666666666,8.0,13.0,6.0,,,,,,,,,,,,,,,,,,,,,,,,,,,,
curiosity,30329,,,,,,,,,,,,,,,,,,0.975,1.0,8.0,15.0,6.0,,,,,,,,,,,,,,,,,,,,,,,,,,,,
curiosity,30382,,,,,,,,,,,,,,,,,,0.8095238095238095,1.0,8.0,16.0,6.0,,,,,,,,,,,,,,,,,,,,,,,,,,,,
curiosity,30435,,,,,,,,,,,,,,,,,,0.7560975609756098,0.7692307692307693,7.0,18.0,6.0,,,,,,,,,,,,,,,,,,,,,,,,,,,,
curiosity,30488,,,,,,,,,,,,,,,,,,1.0,0.9666666666666667,9.0,16.0,6.0,,,,,,,,,,,,,,,,,,,,,,,,,,,,
curiosity,30541,,,,,,,,,,,,,,,,,,0.6923076923076923,1.0,9.0,16.0,6.0,,,,,,,,,,,,,,,,,,,,,,,,,,,,
curiosity,30594,,,,,,,,,,,,,,,,,,0.3783783783783784,1.0,9.0,21.0,6.0,,,,,,,,,,,,,,,,,,,,,,,,,,,,
curiosity,30647,,,,,,,,,,,,,,,,,,0.8095238095238095,1.0,9.0,13.0,6.0,,,,,,,,,,,,,,,,,,,,,,,,,,,,
curiosity,30700,,,,,,,,,,,,,,,,,,0.8148148148148148,1.0,7.0,24.0,6.0,,,,,,,,,,,,,,,,,,,,,,,,,,,,
curiosity,30753,,,,,,,,,,,,,,,,,,0.7428571428571429,0.9,7.0,16.0,6.0,,,,,,,,,,,,,,,,,,,,,,,,,,,,
curiosity,30806,,,,,,,,,,,,,,,,,,0.23809523809523808,0.8181818181818182,9.0,23.0,6.0,,,,,,,,,,,,,,,,,,,,,,,,,,,,
curiosity,30859,,,,,,,,,,,,,,,,,,0.9069767441860465,0.9166666666666666,7.0,14.0,6.0,,,,,,,,,,,,,,,,,,,,,,,,,,,,
curiosity,30912,,,,,,,,,,,,,,,,,,0.3023255813953488,1.0,8.0,29.0,6.0,,,,,,,,,,,,,,,,,,,,,,,,,,,,
curiosity,30965,,,,,,,,,,,,,,,,,,0.23255813953488372,1.0,7.0,11.0,6.0,,,,,,,,,,,,,,,,,,,,,,,,,,,,
curiosity,31018,,,,,,,,,,,,,,,,,,0.9285714285714286,0.9230769230769231,6.0,13.0,6.0,,,,,,,,,,,,,,,,,,,,,,,,,,,,
curiosity,31071,,,,,,,,,,,,,,,,,,0.918918918918919,1.0,8.0,8.0,6.0,,,,,,,,,,,,,,,,,,,,,,,,,,,,
curiosity,31124,,,,,,,,,,,,,,,,,,0.8666666666666667,1.0,8.0,13.0,6.0,,,,,,,,,,,,,,,,,,,,,,,,,,,,
curiosity,31177,,,,,,,,,,,,,,,,,,0.8333333333333334,1.0,9.0,28.0,6.0,,,,,,,,,,,,,,,,,,,,,,,,,,,,
curiosity,31230,,,,,,,,,,,,,,,,,,0.84375,0.9565217391304348,9.0,15.0,6.0,,,,,,,,,,,,,,,,,,,,,,,,,,,,
curiosity,31283,,,,,,,,,,,,,,,,,,0.7441860465116279,1.0,8.0,15.0,6.0,,,,,,,,,,,,,,,,,,,,,,,,,,,,
curiosity,31336,,,,,,,,,,,,,,,,,,0.7317073170731707,1.0,7.0,12.0,6.0,,,,,,,,,,,,,,,,,,,,,,,,,,,,
curiosity,31389,,,,,,,,,,,,,,,,,,0.7777777777777778,1.0,7.0,24.0,6.0,,,,,,,,,,,,,,,,,,,,,,,,,,,,
curiosity,31442,,,,,,,,,,,,,,,,,,1.0,0.9722222222222222,8.0,9.0,6.0,,,,,,,,,,,,,,,,,,,,,,,,,,,,
curiosity,31495,,,,,,,,,,,,,,,,,,0.7567567567567568,1.0,7.0,18.0,6.0,,,,,,,,,,,,,,,,,,,,,,,,,,,,
curiosity,31548,,,,,,,,,,,,,,,,,,0.7,1.0,7.0,16.0,6.0,,,,,,,,,,,,,,,,,,,,,,,,,,,,
curiosity,31601,,,,,,,,,,,,,,,,,,0.59375,0.9444444444444444,8.0,12.0,6.0,,,,,,,,,,,,,,,,,,,,,,,,,,,,
curiosity,31654,,,,,,,,,,,,,,,,,,0.875,1.0,7.0,17.0,6.0,,,,,,,,,,,,,,,,,,,,,,,,,,,,
curiosity,31707,,,,,,,,,,,,,,,,,,0.8048780487804879,0.8333333333333334,9.0,22.0,6.0,,,,,,,,,,,,,,,,,,,,,,,,,,,,
curiosity,31760,,,,,,,,,,,,,,,,,,0.8780487804878049,0.9130434782608695,8.0,12.0,6.0,,,,,,,,,,,,,,,,,,,,,,,,,,,,
curiosity,31813,,,,,,,,,,,,,,,,,,0.575,0.9,8.0,18.0,6.0,,,,,,,,,,,,,,,,,,,,,,,,,,,,
curiosity,31866,,,,,,,,,,,,,,,,,,1.0,1.0,8.0,15.0,6.0,,,,,,,,,,,,,,,,,,,,,,,,,,,,
curiosity,31919,,,,,,,,,,,,,,,,,,0.42857142857142855,1.0,7.0,15.0,6.0,,,,,,,,,,,,,,,,,,,,,,,,,,,,
curiosity,31972,,,,,,,,,,,,,,,,,,0.8571428571428571,1.0,9.0,26.0,6.0,,,,,,,,,,,,,,,,,,,,,,,,,,,,
curiosity,32025,,,,,,,,,,,,,,,,,,0.7837837837837838,1.0,8.0,30.0,6.0,,,,,,,,,,,,,,,,,,,,,,,,,,,,
curiosity,32078,,,,,,,,,,,,,,,,,,0.7941176470588235,0.8823529411764706,7.0,13.0,6.0,,,,,,,,,,,,,,,,,,,,,,,,,,,,
curiosity,32131,,,,,,,,,,,,,,,,,,0.6829268292682927,1.0,8.0,19.0,6.0,,,,,,,,,,,,,,,,,,,,,,,,,,,,
curiosity,32184,,,,,,,,,,,,,,,,,,0.4,0.8947368421052632,8.0,19.0,6.0,,,,,,,,,,,,,,,,,,,,,,,,,,,,
curiosity,32237,,,,,,,,,,,,,,,,,,1.0,1.0,8.0,14.0,6.0,,,,,,,,,,,,,,,,,,,,,,,,,,,,
curiosity,32290,,,,,,,,,,,,,,,,,,0.8064516129032258,0.75,9.0,27.0,6.0,,,,,,,,,,,,,,,,,,,,,,,,,,,,
curiosity,32343,,,,,,,,,,,,,,,,,,0.14285714285714285,1.0,9.0,25.0,6.0,,,,,,,,,,,,,,,,,,,,,,,,,,,,
curiosity,32396,,,,,,,,,,,,,,,,,,0.6944444444444444,1.0,9.0,17.0,6.0,,,,,,,,,,,,,,,,,,,,,,,,,,,,
curiosity,32449,,,,,,,,,,,,,,,,,,0.8809523809523809,1.0,9.0,16.0,6.0,,,,,,,,,,,,,,,,,,,,,,,,,,,,
curiosity,32502,,,,,,,,,,,,,,,,,,0.7619047619047619,0.9047619047619048,8.0,12.0,6.0,,,,,,,,,,,,,,,,,,,,,,,,,,,,
curiosity,32555,,,,,,,,,,,,,,,,,,0.9761904761904762,1.0,8.0,7.0,6.0,,,,,,,,,,,,,,,,,,,,,,,,,,,,
curiosity,32608,,,,,,,,,,,,,,,,,,0.9069767441860465,1.0,8.0,12.0,6.0,,,,,,,,,,,,,,,,,,,,,,,,,,,,
curiosity,32661,,,,,,,,,,,,,,,,,,0.896551724137931,0.9130434782608695,7.0,15.0,6.0,,,,,,,,,,,,,,,,,,,,,,,,,,,,
curiosity,32714,,,,,,,,,,,,,,,,,,0.5652173913043478,0.8947368421052632,8.0,23.0,6.0,,,,,,,,,,,,,,,,,,,,,,,,,,,,
curiosity,32767,,,,,,,,,,,,,,,,,,1.0,0.967741935483871,8.0,13.0,6.0,,,,,,,,,,,,,,,,,,,,,,,,,,,,
curiosity,32820,,,,,,,,,,,,,,,,,,1.0,0.9473684210526315,8.0,18.0,6.0,,,,,,,,,,,,,,,,,,,,,,,,,,,,
curiosity,32873,,,,,,,,,,,,,,,,,,0.9285714285714286,1.0,8.0,22.0,6.0,,,,,,,,,,,,,,,,,,,,,,,,,,,,
curiosity,32926,,,,,,,,,,,,,,,,,,0.5476190476190477,1.0,8.0,20.0,6.0,,,,,,,,,,,,,,,,,,,,,,,,,,,,
curiosity,32979,,,,,,,,,,,,,,,,,,0.8,1.0,9.0,20.0,6.0,,,,,,,,,,,,,,,,,,,,,,,,,,,,
curiosity,33032,,,,,,,,,,,,,,,,,,0.8536585365853658,0.8888888888888888,7.0,17.0,6.0,,,,,,,,,,,,,,,,,,,,,,,,,,,,
curiosity,33085,,,,,,,,,,,,,,,,,,1.0,0.96875,8.0,8.0,6.0,,,,,,,,,,,,,,,,,,,,,,,,,,,,
curiosity,33138,,,,,,,,,,,,,,,,,,0.7,0.967741935483871,8.0,19.0,6.0,,,,,,,,,,,,,,,,,,,,,,,,,,,,
intuition,30011,,,,,,,,,,,,,,,,,,,,,,,1.0,0.947,0.726,0.598,,,,,,,,,,,,,,,,,,,,,,,,
intuition,30064,,,,,,,,,,,,,,,,,,,,,,,1.0,0.974,0.846,0.614,,,,,,,,,,,,,,,,,,,,,,,,
intuition,30117,,,,,,,,,,,,,,,,,,,,,,,1.0,0.966,0.765,0.567,,,,,,,,,,,,,,,,,,,,,,,,
intuition,30170,,,,,,,,,,,,,,,,,,,,,,,1.0,0.94,0.74,0.561,,,,,,,,,,,,,,,,,,,,,,,,
intuition,30223,,,,,,,,,,,,,,,,,,,,,,,1.0,0.941,0.776,0.577,,,,,,,,,,,,,,,,,,,,,,,,
intuition,30276,,,,,,,,,,,,,,,,,,,,,,,1.0,0.902,0.715,0.686,,,,,,,,,,,,,,,,,,,,,,,,
intuition,30329,,,,,,,,,,,,,,,,,,,,,,,1.0,0.98,0.834,0.553,,,,,,,,,,,,,,,,,,,,,,,,
intuition,30382,,,,,,,,,,,,,,,,,,,,,,,1.0,1.0,0.784,0.668,,,,,,,,,,,,,,,,,,,,,,,,
intuition,30435,,,,,,,,,,,,,,,,,,,,,,,1.0,0.953,0.733,0.638,,,,,,,,,,,,,,,,,,,,,,,,
intuition,30488,,,,,,,,,,,,,,,,,,,,,,,1.0,0.976,0.844,0.6,,,,,,,,,,,,,,,,,,,,,,,,
intuition,30541,,,,,,,,,,,,,,,,,,,,,,,1.0,0.916,0.742,0.535,,,,,,,,,,,,,,,,,,,,,,,,
intuition,30594,,,,,,,,,,,,,,,,,,,,,,,1.0,0.942,0.738,0.698,,,,,,,,,,,,,,,,,,,,,,,,
intuition,30647,,,,,,,,,,,,,,,,,,,,,,,1.0,0.9,0.724,0.655,,,,,,,,,,,,,,,,,,,,,,,,
intuition,30700,,,,,,,,,,,,,,,,,,,,,,,1.0,0.941,0.742,0.65,,,,,,,,,,,,,,,,,,,,,,,,
intuition,30753,,,,,,,,,,,,,,,,,,,,,,,1.0,0.871,0.709,0.697,,,,,,,,,,,,,,,,,,,,,,,,
intuition,30806,,,,,,,,,,,,,,,,,,,,,,,1.0,0.926,0.753,0.46,,,,,,,,,,,,,,,,,,,,,,,,
intuition,30859,,,,,,,,,,,,,,,,,,,,,,,1.0,1.0,0.788,0.672,,,,,,,,,,,,,,,,,,,,,,,,
intuition,30912,,,,,,,,,,,,,,,,,,,,,,,1.0,0.932,0.776,0.47,,,,,,,,,,,,,,,,,,,,,,,,
intuition,30965,,,,,,,,,,,,,,,,,,,,,,,1.0,1.0,0.802,0.711,,,,,,,,,,,,,,,,,,,,,,,,
intuition,31018,,,,,,,,,,,,,,,,,,,,,,,1.0,1.0,0.811,0.658,,,,,,,,,,,,,,,,,,,,,,,,
intuition,31071,,,,,,,,,,,,,,,,,,,,,,,1.0,0.941,0.761,0.643,,,,,,,,,,,,,,,,,,,,,,,,
intuition,31124,,,,,,,,,,,,,,,,,,,,,,,1.0,1.0,0.815,0.745,,,,,,,,,,,,,,,,,,,,,,,,
intuition,31177,,,,,,,,,,,,,,,,,,,,,,,1.0,0.798,0.635,0.626,,,,,,,,,,,,,,,,,,,,,,,,
intuition,31230,,,,,,,,,,,,,,,,,,,,,,,1.0,0.929,0.736,0.658,,,,,,,,,,,,,,,,,,,,,,,,
intuition,31283,,,,,,,,,,,,,,,,,,,,,,,1.0,0.919,0.707,0.731,,,,,,,,,,,,,,,,,,,,,,,,
intuition,31336,,,,,,,,,,,,,,,,,,,,,,,1.0,0.921,0.771,0.47,,,,,,,,,,,,,,,,,,,,,,,,
intuition,31389,,,,,,,,,,,,,,,,,,,,,,,1.0,0.932,0.773,0.702,,,,,,,,,,,,,,,,,,,,,,,,
intuition,31442,,,,,,,,,,,,,,,,,,,,,,,1.0,1.0,0.795,0.617,,,,,,,,,,,,,,,,,,,,,,,,
intuition,31495,,,,,,,,,,,,,,,,,,,,,,,1.0,0.922,0.756,0.606,,,,,,,,,,,,,,,,,,,,,,,,
intuition,31548,,,,,,,,,,,,,,,,,,,,,,,1.0,0.92,0.693,0.608,,,,,,,,,,,,,,,,,,,,,,,,
intuition,31601,,,,,,,,,,,,,,,,,,,,,,,1.0,0.936,0.808,0.657,,,,,,,,,,,,,,,,,,,,,,,,
intuition,31654,,,,,,,,,,,,,,,,,,,,,,,1.0,0.943,0.788,0.651,,,,,,,,,,,,,,,,,,,,,,,,
intuition,31707,,,,,,,,,,,,,,,,,,,,,,,1.0,0.94,0.776,0.796,,,,,,,,,,,,,,,,,,,,,,,,
intuition,31760,,,,,,,,,,,,,,,,,,,,,,,1.0,1.0,0.801,0.765,,,,,,,,,,,,,,,,,,,,,,,,
intuition,31813,,,,,,,,,,,,,,,,,,,,,,,1.0,0.982,0.779,0.573,,,,,,,,,,,,,,,,,,,,,,,,
intuition,31866,,,,,,,,,,,,,,,,,,,,,,,1.0,0.937,0.792,0.61,,,,,,,,,,,,,,,,,,,,,,,,
intuition,31919,,,,,,,,,,,,,,,,,,,,,,,1.0,0.912,0.773,0.542,,,,,,,,,,,,,,,,,,,,,,,,
intuition,31972,,,,,,,,,,,,,,,,,,,,,,,1.0,0.972,0.787,0.721,,,,,,,,,,,,,,,,,,,,,,,,
intuition,32025,,,,,,,,,,,,,,,,,,,,,,,1.0,0.942,0.736,0.651,,,,,,,,,,,,,,,,,,,,,,,,
intuition,32078,,,,,,,,,,,,,,,,,,,,,,,1.0,0.975,0.783,0.696,,,,,,,,,,,,,,,,,,,,,,,,
intuition,32131,,,,,,,,,,,,,,,,,,,,,,,1.0,0.914,0.8,0.588,,,,,,,,,,,,,,,,,,,,,,,,
intuition,32184,,,,,,,,,,,,,,,,,,,,,,,1.0,0.891,0.709,0.533,,,,,,,,,,,,,,,,,,,,,,,,
intuition,32237,,,,,,,,,,,,,,,,,,,,,,,1.0,0.975,0.789,0.612,,,,,,,,,,,,,,,,,,,,,,,,
intuition,32290,,,,,,,,,,,,,,,,,,,,,,,1.0,0.973,0.837,0.647,,,,,,,,,,,,,,,,,,,,,,,,
intuition,32343,,,,,,,,,,,,,,,,,,,,,,,1.0,0.975,0.786,0.571,,,,,,,,,,,,,,,,,,,,,,,,
intuition,32396,,,,,,,,,,,,,,,,,,,,,,,1.0,0.92,0.757,0.722,,,,,,,,,,,,,,,,,,,,,,,,
intuition,32449,,,,,,,,,,,,,,,,,,,,,,,1.0,1.0,0.785,0.578,,,,,,,,,,,,,,,,,,,,,,,,
intuition,32502,,,,,,,,,,,,,,,,,,,,,,,1.0,0.938,0.724,0.731,,,,,,,,,,,,,,,,,,,,,,,,
intuition,32555,,,,,,,,,,,,,,,,,,,,,,,1.0,0.918,0.807,0.592,,,,,,,,,,,,,,,,,,,,,,,,
intuition,32608,,,,,,,,,,,,,,,,,,,,,,,1.0,0.904,0.705,0.741,,,,,,,,,,,,,,,,,,,,,,,,
intuition,32661,,,,,,,,,,,,,,,,,,,,,,,1.0,1.0,0.798,0.663,,,,,,,,,,,,,,,,,,,,,,,,
intuition,32714,,,,,,,,,,,,,,,,,,,,,,,1.0,0.975,0.751,0.507,,,,,,,,,,,,,,,,,,,,,,,,
intuition,32767,,,,,,,,,,,,,,,,,,,,,,,1.0,0.978,0.774,0.647,,,,,,,,,,,,,,,,,,,,,,,,
intuition,32820,,,,,,,,,,,,,,,,,,,,,,,1.0,0.953,0.78,0.571,,,,,,,,,,,,,,,,,,,,,,,,
intuition,32873,,,,,,,,,,,,,,,,,,,,,,,1.0,0.918,0.749,0.736,,,,,,,,,,,,,,,,,,,,,,,,
intuition,32926,,,,,,,,,,,,,,,,,,,,,,,1.0,1.0,0.773,0.61,,,,,,,,,,,,,,,,,,,,,,,,
intuition,32979,,,,,,,,,,,,,,,,,,,,,,,1.0,0.936,0.741,0.551,,,,,,,,,,,,,,,,,,,,,,,,
intuition,33032,,,,,,,,,,,,,,,,,,,,,,,1.0,0.955,0.797,0.611,,,,,,,,,,,,,,,,,,,,,,,,
intuition,33085,,,,,,,,,,,,,,,,,,,,,,,1.0,0.892,0.693,0.516,,,,,,,,,,,,,,,,,,,,,,,,
intuition,33138,,,,,,,,,,,,,,,,,,,,,,,1.0,0.915,0.718,0.621,,,,,,,,,,,,,,,,,,,,,,,,
bootstrapping,30011,,,,,,,,,,,,,,,,,,,,,,,,,,,0.9444444444444444,0.05555555555555555,0.7257142857142858,0.0,,,,,,,,,,,,,,,,,,,,
bootstrapping,30064,,,,,,,,,,,,,,,,,,,,,,,,,,,0.6666666666666666,0.3333333333333333,0.62,0.0,,,,,,,,,,,,,,,,,,,,
bootstrapping,30117,,,,,,,,,,,,,,,,,,,,,,,,,,,0.8888888888888888,0.1111111111111111,0.6714285714285714,0.0,,,,,,,,,,,,,,,,,,,,
bootstrapping,30170,,,,,,,,,,,,,,,,,,,,,,,,,,,0.8888888888888888,0.1111111111111111,0.7714285714285715,0.0,,,,,,,,,,,,,,,,,,,,
bootstrapping,30223,,,,,,,,,,,,,,,,,,,,,,,,,,,0.7777777777777778,0.2222222222222222,0.6857142857142857,0.0,,,,,,,,,,,,,,,,,,,,
bootstrapping,30276,,,,,,,,,,,,,,,,,,,,,,,,,,,0.8888888888888888,0.1111111111111111,0.7571428571428571,0.0,,,,,,,,,,,,,,,,,,,,
bootstrapping,30329,,,,,,,,,,,,,,,,,,,,,,,,,,,0.8888888888888888,0.1111111111111111,0.6685714285714286,0.0,,,,,,,,,,,,,,,,,,,,
bootstrapping,30382,,,,,,,,,,,,,,,,,,,,,,,,,,,0.8888888888888888,0.1111111111111111,0.5685714285714286,0.0,,,,,,,,,,,,,,,,,,,,
bootstrapping,30435,,,,,,,,,,,,,,,,,,,,,,,,,,,0.9444444444444444,0.05555555555555555,0.76,0.0,,,,,,,,,,,,,,,,,,,,
bootstrapping,30488,,,,,,,,,,,,,,,,,,,,,,,,,,,1.0,0.0,0.74,0.0,,,,,,,,,,,,,,,,,,,,
bootstrapping,30541,,,,,,,,,,,,,,,,,,,,,,,,,,,0.8888888888888888,0.1111111111111111,0.6171428571428571,0.0,,,,,,,,,,,,,,,,,,,,
bootstrapping,30594,,,,,,,,,,,,,,,,,,,,,,,,,,,0.8333333333333334,0.16666666666666666,0.7885714285714286,0.0,,,,,,,,,,,,,,,,,,,,
bootstrapping,30647,,,,,,,,,,,,,,,,,,,,,,,,,,,0.8888888888888888,0.1111111111111111,0.6571428571428571,0.0,,,,,,,,,,,,,,,,,,,,
bootstrapping,30700,,,,,,,,,,,,,,,,,,,,,,,,,,,0.8333333333333334,0.16666666666666666,0.7171428571428572,0.0,,,,,,,,,,,,,,,,,,,,
bootstrapping,30753,,,,,,,,,,,,,,,,,,,,,,,,,,,0.8333333333333334,0.16666666666666666,0.5857142857142857,0.0,,,,,,,,,,,,,,,,,,,,
bootstrapping,30806,,,,,,,,,,,,,,,,,,,,,,,,,,,0.8888888888888888,0.1111111111111111,0.6885714285714286,0.0,,,,,,,,,,,,,,,,,,,,
bootstrapping,30859,,,,,,,,,,,,,,,,,,,,,,,,,,,0.6666666666666666,0.3333333333333333,0.7914285714285715,0.0,,,,,,,,,,,,,,,,,,,,
bootstrapping,30912,,,,,,,,,,,,,,,,,,,,,,,,,,,0.8888888888888888,0.1111111111111111,0.7257142857142858,0.0,,,,,,,,,,,,,,,,,,,,
bootstrapping,30965,,,,,,,,,,,,,,,,,,,,,,,,,,,0.8333333333333334,0.16666666666666666,0.64,0.0,,,,,,,,,,,,,,,,,,,,
bootstrapping,31018,,,,,,,,,,,,,,,,,,,,,,,,,,,0.8888888888888888,0.1111111111111111,0.7628571428571429,0.0,,,,,,,,,,,,,,,,,,,,
bootstrapping,31071,,,,,,,,,,,,,,,,,,,,,,,,,,,0.8888888888888888,0.1111111111111111,0.76,0.0,,,,,,,,,,,,,,,,,,,,
bootstrapping,31124,,,,,,,,,,,,,,,,,,,,,,,,,,,0.9444444444444444,0.05555555555555555,0.7971428571428572,0.0,,,,,,,,,,,,,,,,,,,,
bootstrapping,31177,,,,,,,,,,,,,,,,,,,,,,,,,,,0.8888888888888888,0.1111111111111111,0.72,0.0,,,,,,,,,,,,,,,,,,,,
bootstrapping,31230,,,,,,,,,,,,,,,,,,,,,,,,,,,0.9444444444444444,0.05555555555555555,0.8228571428571428,0.0,,,,,,,,,,,,,,,,,,,,
bootstrapping,31283,,,,,,,,,,,,,,,,,,,,,,,,,,,0.8888888888888888,0.1111111111111111,0.7542857142857143,0.0,,,,,,,,,,,,,,,,,,,,
bootstrapping,31336,,,,,,,,,,,,,,,,,,,,,,,,,,,0.8888888888888888,0.1111111111111111,0.78,0.0,,,,,,,,,,,,,,,,,,,,
bootstrapping,31389,,,,,,,,,,,,,,,,,,,,,,,,,,,0.9444444444444444,0.05555555555555555,0.8057142857142857,0.0,,,,,,,,,,,,,,,,,,,,
bootstrapping,31442,,,,,,,,,,,,,,,,,,,,,,,,,,,0.8333333333333334,0.16666666666666666,0.7742857142857142,0.0,,,,,,,,,,,,,,,,,,,,
bootstrapping,31495,,,,,,,,,,,,,,,,,,,,,,,,,,,0.8888888888888888,0.1111111111111111,0.7628571428571429,0.0,,,,,,,,,,,,,,,,,,,,
bootstrapping,31548,,,,,,,,,,,,,,,,,,,,,,,,,,,0.7777777777777778,0.2222222222222222,0.6914285714285714,0.0,,,,,,,,,,,,,,,,,,,,
bootstrapping,31601,,,,,,,,,,,,,,,,,,,,,,,,,,,0.8333333333333334,0.16666666666666666,0.8,0.0,,,,,,,,,,,,,,,,,,,,
bootstrapping,31654,,,,,,,,,,,,,,,,,,,,,,,,,,,0.9444444444444444,0.05555555555555555,0.7085714285714285,0.0,,,,,,,,,,,,,,,,,,,,
bootstrapping,31707,,,,,,,,,,,,,,,,,,,,,,,,,,,0.8888888888888888,0.1111111111111111,0.8142857142857143,0.0,,,,,,,,,,,,,,,,,,,,
bootstrapping,31760,,,,,,,,,,,,,,,,,,,,,,,,,,,0.7777777777777778,0.2222222222222222,0.6457142857142857,0.0,,,,,,,,,,,,,,,,,,,,
bootstrapping,31813,,,,,,,,,,,,,,,,,,,,,,,,,,,1.0,0.0,0.7228571428571429,0.0,,,,,,,,,,,,,,,,,,,,
bootstrapping,31866,,,,,,,,,,,,,,,,,,,,,,,,,,,0.8333333333333334,0.16666666666666666,0.5114285714285715,0.0,,,,,,,,,,,,,,,,,,,,
bootstrapping,31919,,,,,,,,,,,,,,,,,,,,,,,,,,,0.8333333333333334,0.16666666666666666,0.7428571428571429,0.0,,,,,,,,,,,,,,,,,,,,
bootstrapping,31972,,,,,,,,,,,,,,,,,,,,,,,,,,,0.8333333333333334,0.16666666666666666,0.6057142857142858,0.0,,,,,,,,,,,,,,,,,,,,
bootstrapping,32025,,,,,,,,,,,,,,,,,,,,,,,,,,,0.8333333333333334,0.16666666666666666,0.6085714285714285,0.0,,,,,,,,,,,,,,,,,,,,
bootstrapping,32078,,,,,,,,,,,,,,,,,,,,,,,,,,,0.9444444444444444,0.05555555555555555,0.7628571428571429,0.0,,,,,,,,,,,,,,,,,,,,
bootstrapping,32131,,,,,,,,,,,,,,,,,,,,,,,,,,,0.7222222222222222,0.2777777777777778,0.6942857142857143,0.0,,,,,,,,,,,,,,,,,,,,
bootstrapping,32184,,,,,,,,,,,,,,,,,,,,,,,,,,,0.9444444444444444,0.05555555555555555,0.7085714285714285,0.0,,,,,,,,,,,,,,,,,,,,
bootstrapping,32237,,,,,,,,,,,,,,,,,,,,,,,,,,,0.8333333333333334,0.16666666666666666,0.6371428571428571,0.0,,,,,,,,,,,,,,,,,,,,
bootstrapping,32290,,,,,,,,,,,,,,,,,,,,,,,,,,,0.8888888888888888,0.1111111111111111,0.8342857142857143,0.0,,,,,,,,,,,,,,,,,,,,
bootstrapping,32343,,,,,,,,,,,,,,,,,,,,,,,,,,,0.8333333333333334,0.16666666666666666,0.6771428571428572,0.0,,,,,,,,,,,,,,,,,,,,
bootstrapping,32396,,,,,,,,,,,,,,,,,,,,,,,,,,,0.9444444444444444,0.05555555555555555,0.76,0.0,,,,,,,,,,,,,,,,,,,,
bootstrapping,32449,,,,,,,,,,,,,,,,,,,,,,,,,,,0.8888888888888888,0.1111111111111111,0.8085714285714286,0.0,,,,,,,,,,,,,,,,,,,,
bootstrapping,32502,,,,,,,,,,,,,,,,,,,,,,,,,,,0.9444444444444444,0.05555555555555555,0.66,0.0,,,,,,,,,,,,,,,,,,,,
bootstrapping,32555,,,,,,,,,,,,,,,,,,,,,,,,,,,0.7777777777777778,0.2222222222222222,0.6114285714285714,0.0,,,,,,,,,,,,,,,,,,,,
bootstrapping,32608,,,,,,,,,,,,,,,,,,,,,,,,,,,0.9444444444444444,0.05555555555555555,0.6942857142857143,0.0,,,,,,,,,,,,,,,,,,,,
bootstrapping,32661,,,,,,,,,,,,,,,,,,,,,,,,,,,0.8333333333333334,0.16666666666666666,0.66,0.0,,,,,,,,,,,,,,,,,,,,
bootstrapping,32714,,,,,,,,,,,,,,,,,,,,,,,,,,,0.9444444444444444,0.05555555555555555,0.76,0.0,,,,,,,,,,,,,,,,,,,,
bootstrapping,32767,,,,,,,,,,,,,,,,,,,,,,,,,,,0.9444444444444444,0.05555555555555555,0.84,0.0,,,,,,,,,,,,,,,,,,,,
bootstrapping,32820,,,,,,,,,,,,,,,,,,,,,,,,,,,0.7222222222222222,0.2777777777777778,0.7371428571428571,0.0,,,,,,,,,,,,,,,,,,,,
bootstrapping,32873,,,,,,,,,,,,,,,,,,,,,,,,,,,0.7777777777777778,0.2222222222222222,0.7971428571428572,0.0,,,,,,,,,,,,,,,,,,,,
bootstrapping,32926,,,,,,,,,,,,,,,,,,,,,,,,,,,0.9444444444444444,0.05555555555555555,0.6371428571428571,0.0,,,,,,,,,,,,,,,,,,,,
bootstrapping,32979,,,,,,,,,,,,,,,,,,,,,,,,,,,0.7777777777777778,0.2222222222222222,0.6457142857142857,0.0,,,,,,,,,,,,,,,,,,,,
bootstrapping,33032,,,,,,,,,,,,,,,,,,,,,,,,,,,0.9444444444444444,0.05555555555555555,0.6457142857142857,0.0,,,,,,,,,,,,,,,,,,,,
bootstrapping,33085,,,,,,,,,,,,,,,,,,,,,,,,,,,0.8333333333333334,0.16666666666666666,0.7428571428571429,0.0,,,,,,,,,,,,,,,,,,,,
bootstrapping,33138,,,,,,,,,,,,,,,,,,,,,,,,,,,0.8888888888888888,0.1111111111111111,0.6514285714285715,0.0,,,,,,,,,,,,,,,,,,,,
shared_gltm,30011,,,,,,,,,,,,,,,,,,,,,,,,,,,,,,,7.0,1.0,,,,,,,,,,,,,,,,,,
shared_gltm,30064,,,,,,,,,,,,,,,,,,,,,,,,,,,,,,,7.0,1.0,,,,,,,,,,,,,,,,,,
shared_gltm,30117,,,,,,,,,,,,,,,,,,,,,,,,,,,,,,,7.0,1.0,,,,,,,,,,,,,,,,,,
shared_gltm,30170,,,,,,,,,,,,,,,,,,,,,,,,,,,,,,,7.0,1.0,,,,,,,,,,,,,,,,,,
shared_gltm,30223,,,,,,,,,,,,,,,,,,,,,,,,,,,,,,,7.0,1.0,,,,,,,,,,,,,,,,,,
shared_gltm,30276,,,,,,,,,,,,,,,,,,,,,,,,,,,,,,,7.0,1.0,,,,,,,,,,,,,,,,,,
shared_gltm,30329,,,,,,,,,,,,,,,,,,,,,,,,,,,,,,,7.0,1.0,,,,,,,,,,,,,,,,,,
shared_gltm,30382,,,,,,,,,,,,,,,,,,,,,,,,,,,,,,,7.0,1.0,,,,,,,,,,,,,,,,,,
shared_gltm,30435,,,,,,,,,,,,,,,,,,,,,,,,,,,,,,,7.0,1.0,,,,,,,,,,,,,,,,,,
shared_gltm,30488,,,,,,,,,,,,,,,,,,,,,,,,,,,,,,,7.0,1.0,,,,,,,,,,,,,,,,,,
shared_gltm,30541,,,,,,,,,,,,,,,,,,,,,,,,,,,,,,,7.0,1.0,,,,,,,,,,,,,,,,,,
shared_gltm,30594,,,,,,,,,,,,,,,,,,,,,,,,,,,,,,,7.0,1.0,,,,,,,,,,,,,,,,,,
shared_gltm,30647,,,,,,,,,,,,,,,,,,,,,,,,,,,,,,,7.0,1.0,,,,,,,,,,,,,,,,,,
shared_gltm,30700,,,,,,,,,,,,,,,,,,,,,,,,,,,,,,,7.0,1.0,,,,,,,,,,,,,,,,,,
shared_gltm,30753,,,,,,,,,,,,,,,,,,,,,,,,,,,,,,,7.0,1.0,,,,,,,,,,,,,,,,,,
shared_gltm,30806,,,,,,,,,,,,,,,,,,,,,,,,,,,,,,,7.0,1.0,,,,,,,,,,,,,,,,,,
shared_gltm,30859,,,,,,,,,,,,,,,,,,,,,,,,,,,,,,,7.0,1.0,,,,,,,,,,,,,,,,,,
shared_gltm,30912,,,,,,,,,,,,,,,,,,,,,,,,,,,,,,,7.0,1.0,,,,,,,,,,,,,,,,,,
shared_gltm,30965,,,,,,,,,,,,,,,,,,,,,,,,,,,,,,,7.0,1.0,,,,,,,,,,,,,,,,,,
shared_gltm,31018,,,,,,,,,,,,,,,,,,,,,,,,,,,,,,,7.0,1.0,,,,,,,,,,,,,,,,,,
shared_gltm,31071,,,,,,,,,,,,,,,,,,,,,,,,,,,,,,,7.0,1.0,,,,,,,,,,,,,,,,,,
shared_gltm,31124,,,,,,,,,,,,,,,,,,,,,,,,,,,,,,,7.0,1.0,,,,,,,,,,,,,,,,,,
shared_gltm,31177,,,,,,,,,,,,,,,,,,,,,,,,,,,,,,,7.0,1.0,,,,,,,,,,,,,,,,,,
shared_gltm,31230,,,,,,,,,,,,,,,,,,,,,,,,,,,,,,,7.0,1.0,,,,,,,,,,,,,,,,,,
shared_gltm,31283,,,,,,,,,,,,,,,,,,,,,,,,,,,,,,,7.0,1.0,,,,,,,,,,,,,,,,,,
shared_gltm,31336,,,,,,,,,,,,,,,,,,,,,,,,,,,,,,,7.0,1.0,,,,,,,,,,,,,,,,,,
shared_gltm,31389,,,,,,,,,,,,,,,,,,,,,,,,,,,,,,,7.0,1.0,,,,,,,,,,,,,,,,,,
shared_gltm,31442,,,,,,,,,,,,,,,,,,,,,,,,,,,,,,,7.0,1.0,,,,,,,,,,,,,,,,,,
shared_gltm,31495,,,,,,,,,,,,,,,,,,,,,,,,,,,,,,,7.0,1.0,,,,,,,,,,,,,,,,,,
shared_gltm,31548,,,,,,,,,,,,,,,,,,,,,,,,,,,,,,,7.0,1.0,,,,,,,,,,,,,,,,,,
shared_gltm,31601,,,,,,,,,,,,,,,,,,,,,,,,,,,,,,,7.0,1.0,,,,,,,,,,,,,,,,,,
shared_gltm,31654,,,,,,,,,,,,,,,,,,,,,,,,,,,,,,,7.0,1.0,,,,,,,,,,,,,,,,,,
shared_gltm,31707,,,,,,,,,,,,,,,,,,,,,,,,,,,,,,,7.0,1.0,,,,,,,,,,,,,,,,,,
shared_gltm,31760,,,,,,,,,,,,,,,,,,,,,,,,,,,,,,,7.0,1.0,,,,,,,,,,,,,,,,,,
shared_gltm,31813,,,,,,,,,,,,,,,,,,,,,,,,,,,,,,,7.0,1.0,,,,,,,,,,,,,,,,,,
shared_gltm,31866,,,,,,,,,,,,,,,,,,,,,,,,,,,,,,,7.0,1.0,,,,,,,,,,,,,,,,,,
shared_gltm,31919,,,,,,,,,,,,,,,,,,,,,,,,,,,,,,,7.0,1.0,,,,,,,,,,,,,,,,,,
shared_gltm,31972,,,,,,,,,,,,,,,,,,,,,,,,,,,,,,,7.0,1.0,,,,,,,,,,,,,,,,,,
shared_gltm,32025,,,,,,,,,,,,,,,,,,,,,,,,,,,,,,,7.0,1.0,,,,,,,,,,,,,,,,,,
shared_gltm,32078,,,,,,,,,,,,,,,,,,,,,,,,,,,,,,,7.0,1.0,,,,,,,,,,,,,,,,,,
shared_gltm,32131,,,,,,,,,,,,,,,,,,,,,,,,,,,,,,,7.0,1.0,,,,,,,,,,,,,,,,,,
shared_gltm,32184,,,,,,,,,,,,,,,,,,,,,,,,,,,,,,,7.0,1.0,,,,,,,,,,,,,,,,,,
shared_gltm,32237,,,,,,,,,,,,,,,,,,,,,,,,,,,,,,,7.0,1.0,,,,,,,,,,,,,,,,,,
shared_gltm,32290,,,,,,,,,,,,,,,,,,,,,,,,,,,,,,,7.0,1.0,,,,,,,,,,,,,,,,,,
shared_gltm,32343,,,,,,,,,,,,,,,,,,,,,,,,,,,,,,,7.0,1.0,,,,,,,,,,,,,,,,,,
shared_gltm,32396,,,,,,,,,,,,,,,,,,,,,,,,,,,,,,,7.0,1.0,,,,,,,,,,,,,,,,,,
shared_gltm,32449,,,,,,,,,,,,,,,,,,,,,,,,,,,,,,,7.0,1.0,,,,,,,,,,,,,,,,,,
shared_gltm,32502,,,,,,,,,,,,,,,,,,,,,,,,,,,,,,,7.0,1.0,,,,,,,,,,,,,,,,,,
shared_gltm,32555,,,,,,,,,,,,,,,,,,,,,,,,,,,,,,,7.0,1.0,,,,,,,,,,,,,,,,,,
shared_gltm,32608,,,,,,,,,,,,,,,,,,,,,,,,,,,,,,,7.0,1.0,,,,,,,,,,,,,,,,,,
shared_gltm,32661,,,,,,,,,,,,,,,,,,,,,,,,,,,,,,,7.0,1.0,,,,,,,,,,,,,,,,,,
shared_gltm,32714,,,,,,,,,,,,,,,,,,,,,,,,,,,,,,,7.0,1.0,,,,,,,,,,,,,,,,,,
shared_gltm,32767,,,,,,,,,,,,,,,,,,,,,,,,,,,,,,,7.0,1.0,,,,,,,,,,,,,,,,,,
shared_gltm,32820,,,,,,,,,,,,,,,,,,,,,,,,,,,,,,,7.0,1.0,,,,,,,,,,,,,,,,,,
shared_gltm,32873,,,,,,,,,,,,,,,,,,,,,,,,,,,,,,,7.0,1.0,,,,,,,,,,,,,,,,,,
shared_gltm,32926,,,,,,,,,,,,,,,,,,,,,,,,,,,,,,,7.0,1.0,,,,,,,,,,,,,,,,,,
shared_gltm,32979,,,,,,,,,,,,,,,,,,,,,,,,,,,,,,,7.0,1.0,,,,,,,,,,,,,,,,,,
shared_gltm,33032,,,,,,,,,,,,,,,,,,,,,,,,,,,,,,,7.0,1.0,,,,,,,,,,,,,,,,,,
shared_gltm,33085,,,,,,,,,,,,,,,,,,,,,,,,,,,,,,,7.0,1.0,,,,,,,,,,,,,,,,,,
shared_gltm,33138,,,,,,,,,,,,,,,,,,,,,,,,,,,,,,,7.0,1.0,,,,,,,,,,,,,,,,,,
validator_reflection,30011,,,,,,,,,,,,,,,,,,,,,,,,,,,,,,,,,0.08983333333333333,0.12933333333333333,0.7425,0.6881666666666667,,,,,,,,,,,,,,
validator_reflection,30064,,,,,,,,,,,,,,,,,,,,,,,,,,,,,,,,,0.08383333333333333,0.1315,0.7546666666666667,0.6886666666666666,,,,,,,,,,,,,,
validator_reflection,30117,,,,,,,,,,,,,,,,,,,,,,,,,,,,,,,,,0.08716666666666667,0.12516666666666668,0.7498333333333334,0.6916666666666667,,,,,,,,,,,,,,
validator_reflection,30170,,,,,,,,,,,,,,,,,,,,,,,,,,,,,,,,,0.08733333333333333,0.1245,0.7581666666666667,0.7065,,,,,,,,,,,,,,
validator_reflection,30223,,,,,,,,,,,,,,,,,,,,,,,,,,,,,,,,,0.079,0.126,0.75,0.6821666666666667,,,,,,,,,,,,,,
validator_reflection,30276,,,,,,,,,,,,,,,,,,,,,,,,,,,,,,,,,0.07216666666666667,0.12366666666666666,0.7653333333333333,0.6966666666666667,,,,,,,,,,,,,,
validator_reflection,30329,,,,,,,,,,,,,,,,,,,,,,,,,,,,,,,,,0.0855,0.12416666666666666,0.757,0.6986666666666667,,,,,,,,,,,,,,
validator_reflection,30382,,,,,,,,,,,,,,,,,,,,,,,,,,,,,,,,,0.08,0.12883333333333333,0.7475,0.684,,,,,,,,,,,,,,
validator_reflection,30435,,,,,,,,,,,,,,,,,,,,,,,,,,,,,,,,,0.0795,0.12216666666666667,0.7455,0.6885,,,,,,,,,,,,,,
validator_reflection,30488,,,,,,,,,,,,,,,,,,,,,,,,,,,,,,,,,0.07733333333333334,0.12833333333333333,0.7603333333333333,0.6918333333333333,,,,,,,,,,,,,,
validator_reflection,30541,,,,,,,,,,,,,,,,,,,,,,,,,,,,,,,,,0.087,0.12816666666666668,0.7495,0.6923333333333334,,,,,,,,,,,,,,
validator_reflection,30594,,,,,,,,,,,,,,,,,,,,,,,,,,,,,,,,,0.07933333333333334,0.12883333333333333,0.7591666666666667,0.6938333333333333,,,,,,,,,,,,,,
validator_reflection,30647,,,,,,,,,,,,,,,,,,,,,,,,,,,,,,,,,0.08666666666666667,0.12416666666666666,0.743,0.6893333333333334,,,,,,,,,,,,,,
validator_reflection,30700,,,,,,,,,,,,,,,,,,,,,,,,,,,,,,,,,0.08683333333333333,0.125,0.7486666666666667,0.6953333333333334,,,,,,,,,,,,,,
validator_reflection,30753,,,,,,,,,,,,,,,,,,,,,,,,,,,,,,,,,0.083,0.128,0.746,0.6875,,,,,,,,,,,,,,
validator_reflection,30806,,,,,,,,,,,,,,,,,,,,,,,,,,,,,,,,,0.0865,0.12633333333333333,0.7518333333333334,0.6978333333333333,,,,,,,,,,,,,,
validator_reflection,30859,,,,,,,,,,,,,,,,,,,,,,,,,,,,,,,,,0.07933333333333334,0.11933333333333333,0.764,0.7045,,,,,,,,,,,,,,
validator_reflection,30912,,,,,,,,,,,,,,,,,,,,,,,,,,,,,,,,,0.087,0.13366666666666666,0.751,0.6893333333333334,,,,,,,,,,,,,,
validator_reflection,30965,,,,,,,,,,,,,,,,,,,,,,,,,,,,,,,,,0.0835,0.12616666666666668,0.7621666666666667,0.7023333333333334,,,,,,,,,,,,,,
validator_reflection,31018,,,,,,,,,,,,,,,,,,,,,,,,,,,,,,,,,0.07783333333333334,0.12833333333333333,0.7671666666666667,0.7011666666666667,,,,,,,,,,,,,,
validator_reflection,31071,,,,,,,,,,,,,,,,,,,,,,,,,,,,,,,,,0.07716666666666666,0.1315,0.7618333333333334,0.6896666666666667,,,,,,,,,,,,,,
validator_reflection,31124,,,,,,,,,,,,,,,,,,,,,,,,,,,,,,,,,0.08283333333333333,0.12666666666666668,0.7485,0.6861666666666667,,,,,,,,,,,,,,
validator_reflection,31177,,,,,,,,,,,,,,,,,,,,,,,,,,,,,,,,,0.08583333333333333,0.12033333333333333,0.7536666666666667,0.7033333333333334,,,,,,,,,,,,,,
validator_reflection,31230,,,,,,,,,,,,,,,,,,,,,,,,,,,,,,,,,0.07983333333333334,0.12283333333333334,0.7605,0.702,,,,,,,,,,,,,,
validator_reflection,31283,,,,,,,,,,,,,,,,,,,,,,,,,,,,,,,,,0.078,0.1235,0.7578333333333334,0.6946666666666667,,,,,,,,,,,,,,
validator_reflection,31336,,,,,,,,,,,,,,,,,,,,,,,,,,,,,,,,,0.08266666666666667,0.11333333333333333,0.7493333333333333,0.6993333333333334,,,,,,,,,,,,,,
validator_reflection,31389,,,,,,,,,,,,,,,,,,,,,,,,,,,,,,,,,0.08633333333333333,0.1215,0.7481666666666666,0.6945,,,,,,,,,,,,,,
validator_reflection,31442,,,,,,,,,,,,,,,,,,,,,,,,,,,,,,,,,0.082,0.12116666666666667,0.7545,0.6993333333333334,,,,,,,,,,,,,,
validator_reflection,31495,,,,,,,,,,,,,,,,,,,,,,,,,,,,,,,,,0.07816666666666666,0.12933333333333333,0.766,0.6998333333333333,,,,,,,,,,,,,,
validator_reflection,31548,,,,,,,,,,,,,,,,,,,,,,,,,,,,,,,,,0.082,0.13,0.7533333333333333,0.6908333333333333,,,,,,,,,,,,,,
validator_reflection,31601,,,,,,,,,,,,,,,,,,,,,,,,,,,,,,,,,0.08266666666666667,0.12616666666666668,0.749,0.6893333333333334,,,,,,,,,,,,,,
validator_reflection,31654,,,,,,,,,,,,,,,,,,,,,,,,,,,,,,,,,0.07816666666666666,0.12616666666666668,0.7545,0.6916666666666667,,,,,,,,,,,,,,
validator_reflection,31707,,,,,,,,,,,,,,,,,,,,,,,,,,,,,,,,,0.081,0.13216666666666665,0.7605,0.6908333333333333,,,,,,,,,,,,,,
validator_reflection,31760,,,,,,,,,,,,,,,,,,,,,,,,,,,,,,,,,0.0805,0.1245,0.756,0.6935,,,,,,,,,,,,,,
validator_reflection,31813,,,,,,,,,,,,,,,,,,,,,,,,,,,,,,,,,0.07733333333333334,0.11716666666666667,0.7606666666666667,0.7046666666666667,,,,,,,,,,,,,,
validator_reflection,31866,,,,,,,,,,,,,,,,,,,,,,,,,,,,,,,,,0.09033333333333333,0.12933333333333333,0.7566666666666667,0.7033333333333334,,,,,,,,,,,,,,
validator_reflection,31919,,,,,,,,,,,,,,,,,,,,,,,,,,,,,,,,,0.07766666666666666,0.12683333333333333,0.7535,0.6888333333333333,,,,,,,,,,,,,,
validator_reflection,31972,,,,,,,,,,,,,,,,,,,,,,,,,,,,,,,,,0.08733333333333333,0.13366666666666666,0.7471666666666666,0.6858333333333333,,,,,,,,,,,,,,
validator_reflection,32025,,,,,,,,,,,,,,,,,,,,,,,,,,,,,,,,,0.0785,0.1355,0.7628333333333334,0.6885,,,,,,,,,,,,,,
validator_reflection,32078,,,,,,,,,,,,,,,,,,,,,,,,,,,,,,,,,0.08333333333333333,0.132,0.7606666666666667,0.6945,,,,,,,,,,,,,,
validator_reflection,32131,,,,,,,,,,,,,,,,,,,,,,,,,,,,,,,,,0.07733333333333334,0.1205,0.768,0.7078333333333333,,,,,,,,,,,,,,
validator_reflection,32184,,,,,,,,,,,,,,,,,,,,,,,,,,,,,,,,,0.08283333333333333,0.12433333333333334,0.7568333333333334,0.7003333333333334,,,,,,,,,,,,,,
validator_reflection,32237,,,,,,,,,,,,,,,,,,,,,,,,,,,,,,,,,0.08483333333333333,0.1195,0.7541666666666667,0.7023333333333334,,,,,,,,,,,,,,
validator_reflection,32290,,,,,,,,,,,,,,,,,,,,,,,,,,,,,,,,,0.079,0.12466666666666666,0.7563333333333333,0.6931666666666667,,,,,,,,,,,,,,
validator_reflection,32343,,,,,,,,,,,,,,,,,,,,,,,,,,,,,,,,,0.08366666666666667,0.1305,0.7603333333333333,0.7005,,,,,,,,,,,,,,
validator_reflection,32396,,,,,,,,,,,,,,,,,,,,,,,,,,,,,,,,,0.0805,0.1195,0.7523333333333333,0.701,,,,,,,,,,,,,,
validator_reflection,32449,,,,,,,,,,,,,,,,,,,,,,,,,,,,,,,,,0.082,0.12783333333333333,0.7536666666666667,0.6943333333333334,,,,,,,,,,,,,,
validator_reflection,32502,,,,,,,,,,,,,,,,,,,,,,,,,,,,,,,,,0.0815,0.12866666666666668,0.7485,0.6835,,,,,,,,,,,,,,
validator_reflection,32555,,,,,,,,,,,,,,,,,,,,,,,,,,,,,,,,,0.08783333333333333,0.125,0.7565,0.7011666666666667,,,,,,,,,,,,,,
validator_reflection,32608,,,,,,,,,,,,,,,,,,,,,,,,,,,,,,,,,0.07216666666666667,0.1215,0.7665,0.699,,,,,,,,,,,,,,
validator_reflection,32661,,,,,,,,,,,,,,,,,,,,,,,,,,,,,,,,,0.07766666666666666,0.12416666666666666,0.761,0.695,,,,,,,,,,,,,,
validator_reflection,32714,,,,,,,,,,,,,,,,,,,,,,,,,,,,,,,,,0.08016666666666666,0.11533333333333333,0.7593333333333333,0.7068333333333333,,,,,,,,,,,,,,
validator_reflection,32767,,,,,,,,,,,,,,,,,,,,,,,,,,,,,,,,,0.085,0.12666666666666668,0.7521666666666667,0.6931666666666667,,,,,,,,,,,,,,
validator_reflection,32820,,,,,,,,,,,,,,,,,,,,,,,,,,,,,,,,,0.0765,0.1245,0.7578333333333334,0.6923333333333334,,,,,,,,,,,,,,
validator_reflection,32873,,,,,,,,,,,,,,,,,,,,,,,,,,,,,,,,,0.08566666666666667,0.12533333333333332,0.7558333333333334,0.7011666666666667,,,,,,,,,,,,,,
validator_reflection,32926,,,,,,,,,,,,,,,,,,,,,,,,,,,,,,,,,0.07666666666666666,0.12433333333333334,0.758,0.693,,,,,,,,,,,,,,
validator_reflection,32979,,,,,,,,,,,,,,,,,,,,,,,,,,,,,,,,,0.074,0.12133333333333333,0.7596666666666667,0.6936666666666667,,,,,,,,,,,,,,
validator_reflection,33032,,,,,,,,,,,,,,,,,,,,,,,,,,,,,,,,,0.081,0.12516666666666668,0.7521666666666667,0.69,,,,,,,,,,,,,,
validator_reflection,33085,,,,,,,,,,,,,,,,,,,,,,,,,,,,,,,,,0.08766666666666667,0.12683333333333333,0.757,0.6986666666666667,,,,,,,,,,,,,,
validator_reflection,33138,,,,,,,,,,,,,,,,,,,,,,,,,,,,,,,,,0.08116666666666666,0.12816666666666668,0.7543333333333333,0.6895,,,,,,,,,,,,,,
truth_conflict,30011,,,,,,,,,,,,,,,,,,,,,,,,,,,,,,,,,,,,,1.9388888888888889,,,,,,,,,,,,,
truth_conflict,30064,,,,,,,,,,,,,,,,,,,,,,,,,,,,,,,,,,,,,1.7277777777777779,,,,,,,,,,,,,
truth_conflict,30117,,,,,,,,,,,,,,,,,,,,,,,,,,,,,,,,,,,,,1.7222222222222223,,,,,,,,,,,,,
truth_conflict,30170,,,,,,,,,,,,,,,,,,,,,,,,,,,,,,,,,,,,,1.5944444444444446,,,,,,,,,,,,,
truth_conflict,30223,,,,,,,,,,,,,,,,,,,,,,,,,,,,,,,,,,,,,1.8388888888888888,,,,,,,,,,,,,
truth_conflict,30276,,,,,,,,,,,,,,,,,,,,,,,,,,,,,,,,,,,,,1.7944444444444445,,,,,,,,,,,,,
truth_conflict,30329,,,,,,,,,,,,,,,,,,,,,,,,,,,,,,,,,,,,,1.6166666666666667,,,,,,,,,,,,,
truth_conflict,30382,,,,,,,,,,,,,,,,,,,,,,,,,,,,,,,,,,,,,1.8777777777777778,,,,,,,,,,,,,
truth_conflict,30435,,,,,,,,,,,,,,,,,,,,,,,,,,,,,,,,,,,,,1.961111111111111,,,,,,,,,,,,,
truth_conflict,30488,,,,,,,,,,,,,,,,,,,,,,,,,,,,,,,,,,,,,1.8055555555555556,,,,,,,,,,,,,
truth_conflict,30541,,,,,,,,,,,,,,,,,,,,,,,,,,,,,,,,,,,,,1.8722222222222222,,,,,,,,,,,,,
truth_conflict,30594,,,,,,,,,,,,,,,,,,,,,,,,,,,,,,,,,,,,,1.5555555555555556,,,,,,,,,,,,,
truth_conflict,30647,,,,,,,,,,,,,,,,,,,,,,,,,,,,,,,,,,,,,1.761111111111111,,,,,,,,,,,,,
truth_conflict,30700,,,,,,,,,,,,,,,,,,,,,,,,,,,,,,,,,,,,,1.6722222222222223,,,,,,,,,,,,,
truth_conflict,30753,,,,,,,,,,,,,,,,,,,,,,,,,,,,,,,,,,,,,1.8055555555555556,,,,,,,,,,,,,
truth_conflict,30806,,,,,,,,,,,,,,,,,,,,,,,,,,,,,,,,,,,,,1.711111111111111,,,,,,,,,,,,,
truth_conflict,30859,,,,,,,,,,,,,,,,,,,,,,,,,,,,,,,,,,,,,1.7722222222222221,,,,,,,,,,,,,
truth_conflict,30912,,,,,,,,,,,,,,,,,,,,,,,,,,,,,,,,,,,,,1.9388888888888889,,,,,,,,,,,,,
truth_conflict,30965,,,,,,,,,,,,,,,,,,,,,,,,,,,,,,,,,,,,,1.8833333333333333,,,,,,,,,,,,,
truth_conflict,31018,,,,,,,,,,,,,,,,,,,,,,,,,,,,,,,,,,,,,1.8666666666666667,,,,,,,,,,,,,
truth_conflict,31071,,,,,,,,,,,,,,,,,,,,,,,,,,,,,,,,,,,,,1.6833333333333333,,,,,,,,,,,,,
truth_conflict,31124,,,,,,,,,,,,,,,,,,,,,,,,,,,,,,,,,,,,,1.6388888888888888,,,,,,,,,,,,,
truth_conflict,31177,,,,,,,,,,,,,,,,,,,,,,,,,,,,,,,,,,,,,1.8833333333333333,,,,,,,,,,,,,
truth_conflict,31230,,,,,,,,,,,,,,,,,,,,,,,,,,,,,,,,,,,,,2.011111111111111,,,,,,,,,,,,,
truth_conflict,31283,,,,,,,,,,,,,,,,,,,,,,,,,,,,,,,,,,,,,1.6722222222222223,,,,,,,,,,,,,
truth_conflict,31336,,,,,,,,,,,,,,,,,,,,,,,,,,,,,,,,,,,,,1.6222222222222222,,,,,,,,,,,,,
truth_conflict,31389,,,,,,,,,,,,,,,,,,,,,,,,,,,,,,,,,,,,,1.9055555555555554,,,,,,,,,,,,,
truth_conflict,31442,,,,,,,,,,,,,,,,,,,,,,,,,,,,,,,,,,,,,1.7666666666666666,,,,,,,,,,,,,
truth_conflict,31495,,,,,,,,,,,,,,,,,,,,,,,,,,,,,,,,,,,,,1.6611111111111112,,,,,,,,,,,,,
truth_conflict,31548,,,,,,,,,,,,,,,,,,,,,,,,,,,,,,,,,,,,,1.961111111111111,,,,,,,,,,,,,
truth_conflict,31601,,,,,,,,,,,,,,,,,,,,,,,,,,,,,,,,,,,,,1.9555555555555555,,,,,,,,,,,,,
truth_conflict,31654,,,,,,,,,,,,,,,,,,,,,,,,,,,,,,,,,,,,,1.8333333333333333,,,,,,,,,,,,,
truth_conflict,31707,,,,,,,,,,,,,,,,,,,,,,,,,,,,,,,,,,,,,1.788888888888889,,,,,,,,,,,,,
truth_conflict,31760,,,,,,,,,,,,,,,,,,,,,,,,,,,,,,,,,,,,,1.8666666666666667,,,,,,,,,,,,,
truth_conflict,31813,,,,,,,,,,,,,,,,,,,,,,,,,,,,,,,,,,,,,1.6,,,,,,,,,,,,,
truth_conflict,31866,,,,,,,,,,,,,,,,,,,,,,,,,,,,,,,,,,,,,1.7833333333333334,,,,,,,,,,,,,
truth_conflict,31919,,,,,,,,,,,,,,,,,,,,,,,,,,,,,,,,,,,,,1.7055555555555555,,,,,,,,,,,,,
truth_conflict,31972,,,,,,,,,,,,,,,,,,,,,,,,,,,,,,,,,,,,,1.7166666666666666,,,,,,,,,,,,,
truth_conflict,32025,,,,,,,,,,,,,,,,,,,,,,,,,,,,,,,,,,,,,1.6388888888888888,,,,,,,,,,,,,
truth_conflict,32078,,,,,,,,,,,,,,,,,,,,,,,,,,,,,,,,,,,,,1.7444444444444445,,,,,,,,,,,,,
truth_conflict,32131,,,,,,,,,,,,,,,,,,,,,,,,,,,,,,,,,,,,,1.9333333333333333,,,,,,,,,,,,,
truth_conflict,32184,,,,,,,,,,,,,,,,,,,,,,,,,,,,,,,,,,,,,1.6944444444444444,,,,,,,,,,,,,
truth_conflict,32237,,,,,,,,,,,,,,,,,,,,,,,,,,,,,,,,,,,,,1.6611111111111112,,,,,,,,,,,,,
truth_conflict,32290,,,,,,,,,,,,,,,,,,,,,,,,,,,,,,,,,,,,,1.7944444444444445,,,,,,,,,,,,,
truth_conflict,32343,,,,,,,,,,,,,,,,,,,,,,,,,,,,,,,,,,,,,1.7666666666666666,,,,,,,,,,,,,
truth_conflict,32396,,,,,,,,,,,,,,,,,,,,,,,,,,,,,,,,,,,,,1.8611111111111112,,,,,,,,,,,,,
truth_conflict,32449,,,,,,,,,,,,,,,,,,,,,,,,,,,,,,,,,,,,,1.8222222222222222,,,,,,,,,,,,,
truth_conflict,32502,,,,,,,,,,,,,,,,,,,,,,,,,,,,,,,,,,,,,1.6444444444444444,,,,,,,,,,,,,
truth_conflict,32555,,,,,,,,,,,,,,,,,,,,,,,,,,,,,,,,,,,,,1.7,,,,,,,,,,,,,
truth_conflict,32608,,,,,,,,,,,,,,,,,,,,,,,,,,,,,,,,,,,,,1.7555555555555555,,,,,,,,,,,,,
truth_conflict,32661,,,,,,,,,,,,,,,,,,,,,,,,,,,,,,,,,,,,,1.6777777777777778,,,,,,,,,,,,,
truth_conflict,32714,,,,,,,,,,,,,,,,,,,,,,,,,,,,,,,,,,,,,1.6833333333333333,,,,,,,,,,,,,
truth_conflict,32767,,,,,,,,,,,,,,,,,,,,,,,,,,,,,,,,,,,,,1.8055555555555556,,,,,,,,,,,,,
truth_conflict,32820,,,,,,,,,,,,,,,,,,,,,,,,,,,,,,,,,,,,,2.0166666666666666,,,,,,,,,,,,,
truth_conflict,32873,,,,,,,,,,,,,,,,,,,,,,,,,,,,,,,,,,,,,1.7222222222222223,,,,,,,,,,,,,
truth_conflict,32926,,,,,,,,,,,,,,,,,,,,,,,,,,,,,,,,,,,,,1.8944444444444444,,,,,,,,,,,,,
truth_conflict,32979,,,,,,,,,,,,,,,,,,,,,,,,,,,,,,,,,,,,,1.9444444444444444,,,,,,,,,,,,,
truth_conflict,33032,,,,,,,,,,,,,,,,,,,,,,,,,,,,,,,,,,,,,1.7555555555555555,,,,,,,,,,,,,
truth_conflict,33085,,,,,,,,,,,,,,,,,,,,,,,,,,,,,,,,,,,,,1.6944444444444444,,,,,,,,,,,,,
truth_conflict,33138,,,,,,,,,,,,,,,,,,,,,,,,,,,,,,,,,,,,,1.95,,,,,,,,,,,,,
dream_rehearsal,30011,,,,,,,,,,,,,,,,,,,,,,,,,,,,,,,,,,,,,,8.0,3.0,3.0,0.08333333333333333,,,,,,,,,
dream_rehearsal,30064,,,,,,,,,,,,,,,,,,,,,,,,,,,,,,,,,,,,,,8.0,3.0,3.0,0.08333333333333333,,,,,,,,,
dream_rehearsal,30117,,,,,,,,,,,,,,,,,,,,,,,,,,,,,,,,,,,,,,8.0,3.0,3.0,0.041666666666666664,,,,,,,,,
dream_rehearsal,30170,,,,,,,,,,,,,,,,,,,,,,,,,,,,,,,,,,,,,,8.0,3.0,3.0,0.08333333333333333,,,,,,,,,
dream_rehearsal,30223,,,,,,,,,,,,,,,,,,,,,,,,,,,,,,,,,,,,,,8.0,3.0,3.0,0.08333333333333333,,,,,,,,,
dream_rehearsal,30276,,,,,,,,,,,,,,,,,,,,,,,,,,,,,,,,,,,,,,8.0,3.0,3.0,0.041666666666666664,,,,,,,,,
dream_rehearsal,30329,,,,,,,,,,,,,,,,,,,,,,,,,,,,,,,,,,,,,,8.0,3.0,3.0,0.08333333333333333,,,,,,,,,
dream_rehearsal,30382,,,,,,,,,,,,,,,,,,,,,,,,,,,,,,,,,,,,,,8.0,3.0,3.0,0.125,,,,,,,,,
dream_rehearsal,30435,,,,,,,,,,,,,,,,,,,,,,,,,,,,,,,,,,,,,,8.0,3.0,3.0,0.20833333333333334,,,,,,,,,
dream_rehearsal,30488,,,,,,,,,,,,,,,,,,,,,,,,,,,,,,,,,,,,,,8.0,3.0,3.0,0.125,,,,,,,,,
dream_rehearsal,30541,,,,,,,,,,,,,,,,,,,,,,,,,,,,,,,,,,,,,,8.0,3.0,3.0,0.125,,,,,,,,,
dream_rehearsal,30594,,,,,,,,,,,,,,,,,,,,,,,,,,,,,,,,,,,,,,8.0,3.0,3.0,0.16666666666666666,,,,,,,,,
dream_rehearsal,30647,,,,,,,,,,,,,,,,,,,,,,,,,,,,,,,,,,,,,,8.0,3.0,3.0,0.08333333333333333,,,,,,,,,
dream_rehearsal,30700,,,,,,,,,,,,,,,,,,,,,,,,,,,,,,,,,,,,,,8.0,3.0,3.0,0.20833333333333334,,,,,,,,,
dream_rehearsal,30753,,,,,,,,,,,,,,,,,,,,,,,,,,,,,,,,,,,,,,8.0,3.0,3.0,0.0,,,,,,,,,
dream_rehearsal,30806,,,,,,,,,,,,,,,,,,,,,,,,,,,,,,,,,,,,,,8.0,3.0,3.0,0.0,,,,,,,,,
dream_rehearsal,30859,,,,,,,,,,,,,,,,,,,,,,,,,,,,,,,,,,,,,,8.0,3.0,3.0,0.125,,,,,,,,,
dream_rehearsal,30912,,,,,,,,,,,,,,,,,,,,,,,,,,,,,,,,,,,,,,8.0,3.0,3.0,0.16666666666666666,,,,,,,,,
dream_rehearsal,30965,,,,,,,,,,,,,,,,,,,,,,,,,,,,,,,,,,,,,,8.0,3.0,3.0,0.16666666666666666,,,,,,,,,
dream_rehearsal,31018,,,,,,,,,,,,,,,,,,,,,,,,,,,,,,,,,,,,,,8.0,3.0,3.0,0.16666666666666666,,,,,,,,,
dream_rehearsal,31071,,,,,,,,,,,,,,,,,,,,,,,,,,,,,,,,,,,,,,8.0,3.0,3.0,0.25,,,,,,,,,
dream_rehearsal,31124,,,,,,,,,,,,,,,,,,,,,,,,,,,,,,,,,,,,,,8.0,3.0,3.0,0.125,,,,,,,,,
dream_rehearsal,31177,,,,,,,,,,,,,,,,,,,,,,,,,,,,,,,,,,,,,,8.0,3.0,3.0,0.16666666666666666,,,,,,,,,
dream_rehearsal,31230,,,,,,,,,,,,,,,,,,,,,,,,,,,,,,,,,,,,,,8.0,3.0,3.0,0.16666666666666666,,,,,,,,,
dream_rehearsal,31283,,,,,,,,,,,,,,,,,,,,,,,,,,,,,,,,,,,,,,8.0,3.0,3.0,0.08333333333333333,,,,,,,,,
dream_rehearsal,31336,,,,,,,,,,,,,,,,,,,,,,,,,,,,,,,,,,,,,,8.0,3.0,3.0,0.125,,,,,,,,,
dream_rehearsal,31389,,,,,,,,,,,,,,,,,,,,,,,,,,,,,,,,,,,,,,8.0,3.0,3.0,0.125,,,,,,,,,
dream_rehearsal,31442,,,,,,,,,,,,,,,,,,,,,,,,,,,,,,,,,,,,,,8.0,3.0,3.0,0.125,,,,,,,,,
dream_rehearsal,31495,,,,,,,,,,,,,,,,,,,,,,,,,,,,,,,,,,,,,,8.0,3.0,3.0,0.16666666666666666,,,,,,,,,
dream_rehearsal,31548,,,,,,,,,,,,,,,,,,,,,,,,,,,,,,,,,,,,,,8.0,3.0,3.0,0.16666666666666666,,,,,,,,,
dream_rehearsal,31601,,,,,,,,,,,,,,,,,,,,,,,,,,,,,,,,,,,,,,8.0,3.0,3.0,0.041666666666666664,,,,,,,,,
dream_rehearsal,31654,,,,,,,,,,,,,,,,,,,,,,,,,,,,,,,,,,,,,,8.0,3.0,3.0,0.2916666666666667,,,,,,,,,
dream_rehearsal,31707,,,,,,,,,,,,,,,,,,,,,,,,,,,,,,,,,,,,,,8.0,3.0,3.0,0.125,,,,,,,,,
dream_rehearsal,31760,,,,,,,,,,,,,,,,,,,,,,,,,,,,,,,,,,,,,,8.0,3.0,3.0,0.20833333333333334,,,,,,,,,
dream_rehearsal,31813,,,,,,,,,,,,,,,,,,,,,,,,,,,,,,,,,,,,,,8.0,3.0,3.0,0.16666666666666666,,,,,,,,,
dream_rehearsal,31866,,,,,,,,,,,,,,,,,,,,,,,,,,,,,,,,,,,,,,8.0,3.0,3.0,0.20833333333333334,,,,,,,,,
dream_rehearsal,31919,,,,,,,,,,,,,,,,,,,,,,,,,,,,,,,,,,,,,,8.0,3.0,3.0,0.3333333333333333,,,,,,,,,
dream_rehearsal,31972,,,,,,,,,,,,,,,,,,,,,,,,,,,,,,,,,,,,,,8.0,3.0,3.0,0.08333333333333333,,,,,,,,,
dream_rehearsal,32025,,,,,,,,,,,,,,,,,,,,,,,,,,,,,,,,,,,,,,8.0,3.0,3.0,0.20833333333333334,,,,,,,,,
dream_rehearsal,32078,,,,,,,,,,,,,,,,,,,,,,,,,,,,,,,,,,,,,,8.0,3.0,3.0,0.125,,,,,,,,,
dream_rehearsal,32131,,,,,,,,,,,,,,,,,,,,,,,,,,,,,,,,,,,,,,8.0,3.0,3.0,0.20833333333333334,,,,,,,,,
dream_rehearsal,32184,,,,,,,,,,,,,,,,,,,,,,,,,,,,,,,,,,,,,,8.0,3.0,3.0,0.125,,,,,,,,,
dream_rehearsal,32237,,,,,,,,,,,,,,,,,,,,,,,,,,,,,,,,,,,,,,8.0,3.0,3.0,0.08333333333333333,,,,,,,,,
dream_rehearsal,32290,,,,,,,,,,,,,,,,,,,,,,,,,,,,,,,,,,,,,,8.0,3.0,3.0,0.0,,,,,,,,,
dream_rehearsal,32343,,,,,,,,,,,,,,,,,,,,,,,,,,,,,,,,,,,,,,8.0,3.0,3.0,0.041666666666666664,,,,,,,,,
dream_rehearsal,32396,,,,,,,,,,,,,,,,,,,,,,,,,,,,,,,,,,,,,,8.0,3.0,3.0,0.041666666666666664,,,,,,,,,
dream_rehearsal,32449,,,,,,,,,,,,,,,,,,,,,,,,,,,,,,,,,,,,,,8.0,3.0,3.0,0.20833333333333334,,,,,,,,,
dream_rehearsal,32502,,,,,,,,,,,,,,,,,,,,,,,,,,,,,,,,,,,,,,8.0,3.0,3.0,0.0,,,,,,,,,
dream_rehearsal,32555,,,,,,,,,,,,,,,,,,,,,,,,,,,,,,,,,,,,,,8.0,3.0,3.0,0.041666666666666664,,,,,,,,,
dream_rehearsal,32608,,,,,,,,,,,,,,,,,,,,,,,,,,,,,,,,,,,,,,8.0,3.0,3.0,0.16666666666666666,,,,,,,,,
dream_rehearsal,32661,,,,,,,,,,,,,,,,,,,,,,,,,,,,,,,,,,,,,,8.0,3.0,3.0,0.041666666666666664,,,,,,,,,
dream_rehearsal,32714,,,,,,,,,,,,,,,,,,,,,,,,,,,,,,,,,,,,,,8.0,3.0,3.0,0.20833333333333334,,,,,,,,,
dream_rehearsal,32767,,,,,,,,,,,,,,,,,,,,,,,,,,,,,,,,,,,,,,8.0,3.0,3.0,0.125,,,,,,,,,
dream_rehearsal,32820,,,,,,,,,,,,,,,,,,,,,,,,,,,,,,,,,,,,,,8.0,3.0,3.0,0.041666666666666664,,,,,,,,,
dream_rehearsal,32873,,,,,,,,,,,,,,,,,,,,,,,,,,,,,,,,,,,,,,8.0,3.0,3.0,0.16666666666666666,,,,,,,,,
dream_rehearsal,32926,,,,,,,,,,,,,,,,,,,,,,,,,,,,,,,,,,,,,,8.0,3.0,3.0,0.16666666666666666,,,,,,,,,
dream_rehearsal,32979,,,,,,,,,,,,,,,,,,,,,,,,,,,,,,,,,,,,,,8.0,3.0,3.0,0.20833333333333334,,,,,,,,,
dream_rehearsal,33032,,,,,,,,,,,,,,,,,,,,,,,,,,,,,,,,,,,,,,8.0,3.0,3.0,0.16666666666666666,,,,,,,,,
dream_rehearsal,33085,,,,,,,,,,,,,,,,,,,,,,,,,,,,,,,,,,,,,,8.0,3.0,3.0,0.16666666666666666,,,,,,,,,
dream_rehearsal,33138,,,,,,,,,,,,,,,,,,,,,,,,,,,,,,,,,,,,,,8.0,3.0,3.0,0.20833333333333334,,,,,,,,,
gigo_filter,30011,,,,,,,,,,,,,,,,,,,,,,,,,,,,,,,,,,,,,,,,,,0.2650793650793651,,,,,,,,
gigo_filter,30064,,,,,,,,,,,,,,,,,,,,,,,,,,,,,,,,,,,,,,,,,,0.2761904761904762,,,,,,,,
gigo_filter,30117,,,,,,,,,,,,,,,,,,,,,,,,,,,,,,,,,,,,,,,,,,0.2706349206349206,,,,,,,,
gigo_filter,30170,,,,,,,,,,,,,,,,,,,,,,,,,,,,,,,,,,,,,,,,,,0.2523809523809524,,,,,,,,
gigo_filter,30223,,,,,,,,,,,,,,,,,,,,,,,,,,,,,,,,,,,,,,,,,,0.26904761904761904,,,,,,,,
gigo_filter,30276,,,,,,,,,,,,,,,,,,,,,,,,,,,,,,,,,,,,,,,,,,0.2634920634920635,,,,,,,,
gigo_filter,30329,,,,,,,,,,,,,,,,,,,,,,,,,,,,,,,,,,,,,,,,,,0.2873015873015873,,,,,,,,
gigo_filter,30382,,,,,,,,,,,,,,,,,,,,,,,,,,,,,,,,,,,,,,,,,,0.25476190476190474,,,,,,,,
gigo_filter,30435,,,,,,,,,,,,,,,,,,,,,,,,,,,,,,,,,,,,,,,,,,0.2841269841269841,,,,,,,,
gigo_filter,30488,,,,,,,,,,,,,,,,,,,,,,,,,,,,,,,,,,,,,,,,,,0.2753968253968254,,,,,,,,
gigo_filter,30541,,,,,,,,,,,,,,,,,,,,,,,,,,,,,,,,,,,,,,,,,,0.29603174603174603,,,,,,,,
gigo_filter,30594,,,,,,,,,,,,,,,,,,,,,,,,,,,,,,,,,,,,,,,,,,0.29523809523809524,,,,,,,,
gigo_filter,30647,,,,,,,,,,,,,,,,,,,,,,,,,,,,,,,,,,,,,,,,,,0.2777777777777778,,,,,,,,
gigo_filter,30700,,,,,,,,,,,,,,,,,,,,,,,,,,,,,,,,,,,,,,,,,,0.28253968253968254,,,,,,,,
gigo_filter,30753,,,,,,,,,,,,,,,,,,,,,,,,,,,,,,,,,,,,,,,,,,0.2777777777777778,,,,,,,,
gigo_filter,30806,,,,,,,,,,,,,,,,,,,,,,,,,,,,,,,,,,,,,,,,,,0.26746031746031745,,,,,,,,
gigo_filter,30859,,,,,,,,,,,,,,,,,,,,,,,,,,,,,,,,,,,,,,,,,,0.2920634920634921,,,,,,,,
gigo_filter,30912,,,,,,,,,,,,,,,,,,,,,,,,,,,,,,,,,,,,,,,,,,0.2746031746031746,,,,,,,,
gigo_filter,30965,,,,,,,,,,,,,,,,,,,,,,,,,,,,,,,,,,,,,,,,,,0.26904761904761904,,,,,,,,
gigo_filter,31018,,,,,,,,,,,,,,,,,,,,,,,,,,,,,,,,,,,,,,,,,,0.2904761904761905,,,,,,,,
gigo_filter,31071,,,,,,,,,,,,,,,,,,,,,,,,,,,,,,,,,,,,,,,,,,0.2873015873015873,,,,,,,,
gigo_filter,31124,,,,,,,,,,,,,,,,,,,,,,,,,,,,,,,,,,,,,,,,,,0.2515873015873016,,,,,,,,
gigo_filter,31177,,,,,,,,,,,,,,,,,,,,,,,,,,,,,,,,,,,,,,,,,,0.2611111111111111,,,,,,,,
gigo_filter,31230,,,,,,,,,,,,,,,,,,,,,,,,,,,,,,,,,,,,,,,,,,0.25396825396825395,,,,,,,,
gigo_filter,31283,,,,,,,,,,,,,,,,,,,,,,,,,,,,,,,,,,,,,,,,,,0.24444444444444444,,,,,,,,
gigo_filter,31336,,,,,,,,,,,,,,,,,,,,,,,,,,,,,,,,,,,,,,,,,,0.2611111111111111,,,,,,,,
gigo_filter,31389,,,,,,,,,,,,,,,,,,,,,,,,,,,,,,,,,,,,,,,,,,0.2650793650793651,,,,,,,,
gigo_filter,31442,,,,,,,,,,,,,,,,,,,,,,,,,,,,,,,,,,,,,,,,,,0.26666666666666666,,,,,,,,
gigo_filter,31495,,,,,,,,,,,,,,,,,,,,,,,,,,,,,,,,,,,,,,,,,,0.2761904761904762,,,,,,,,
gigo_filter,31548,,,,,,,,,,,,,,,,,,,,,,,,,,,,,,,,,,,,,,,,,,0.2865079365079365,,,,,,,,
gigo_filter,31601,,,,,,,,,,,,,,,,,,,,,,,,,,,,,,,,,,,,,,,,,,0.2611111111111111,,,,,,,,
gigo_filter,31654,,,,,,,,,,,,,,,,,,,,,,,,,,,,,,,,,,,,,,,,,,0.26031746031746034,,,,,,,,
gigo_filter,31707,,,,,,,,,,,,,,,,,,,,,,,,,,,,,,,,,,,,,,,,,,0.29285714285714287,,,,,,,,
gigo_filter,31760,,,,,,,,,,,,,,,,,,,,,,,,,,,,,,,,,,,,,,,,,,0.2714285714285714,,,,,,,,
gigo_filter,31813,,,,,,,,,,,,,,,,,,,,,,,,,,,,,,,,,,,,,,,,,,0.28174603174603174,,,,,,,,
gigo_filter,31866,,,,,,,,,,,,,,,,,,,,,,,,,,,,,,,,,,,,,,,,,,0.2865079365079365,,,,,,,,
gigo_filter,31919,,,,,,,,,,,,,,,,,,,,,,,,,,,,,,,,,,,,,,,,,,0.25952380952380955,,,,,,,,
gigo_filter,31972,,,,,,,,,,,,,,,,,,,,,,,,,,,,,,,,,,,,,,,,,,0.2722222222222222,,,,,,,,
gigo_filter,32025,,,,,,,,,,,,,,,,,,,,,,,,,,,,,,,,,,,,,,,,,,0.2873015873015873,,,,,,,,
gigo_filter,32078,,,,,,,,,,,,,,,,,,,,,,,,,,,,,,,,,,,,,,,,,,0.273015873015873,,,,,,,,
gigo_filter,32131,,,,,,,,,,,,,,,,,,,,,,,,,,,,,,,,,,,,,,,,,,0.28095238095238095,,,,,,,,
gigo_filter,32184,,,,,,,,,,,,,,,,,,,,,,,,,,,,,,,,,,,,,,,,,,0.25873015873015875,,,,,,,,
gigo_filter,32237,,,,,,,,,,,,,,,,,,,,,,,,,,,,,,,,,,,,,,,,,,0.2626984126984127,,,,,,,,
gigo_filter,32290,,,,,,,,,,,,,,,,,,,,,,,,,,,,,,,,,,,,,,,,,,0.27380952380952384,,,,,,,,
gigo_filter,32343,,,,,,,,,,,,,,,,,,,,,,,,,,,,,,,,,,,,,,,,,,0.28253968253968254,,,,,,,,
gigo_filter,32396,,,,,,,,,,,,,,,,,,,,,,,,,,,,,,,,,,,,,,,,,,0.2849206349206349,,,,,,,,
gigo_filter,32449,,,,,,,,,,,,,,,,,,,,,,,,,,,,,,,,,,,,,,,,,,0.26666666666666666,,,,,,,,
gigo_filter,32502,,,,,,,,,,,,,,,,,,,,,,,,,,,,,,,,,,,,,,,,,,0.2626984126984127,,,,,,,,
gigo_filter,32555,,,,,,,,,,,,,,,,,,,,,,,,,,,,,,,,,,,,,,,,,,0.2746031746031746,,,,,,,,
gigo_filter,32608,,,,,,,,,,,,,,,,,,,,,,,,,,,,,,,,,,,,,,,,,,0.2698412698412698,,,,,,,,
gigo_filter,32661,,,,,,,,,,,,,,,,,,,,,,,,,,,,,,,,,,,,,,,,,,0.26746031746031745,,,,,,,,
gigo_filter,32714,,,,,,,,,,,,,,,,,,,,,,,,,,,,,,,,,,,,,,,,,,0.26031746031746034,,,,,,,,
gigo_filter,32767,,,,,,,,,,,,,,,,,,,,,,,,,,,,,,,,,,,,,,,,,,0.28809523809523807,,,,,,,,
gigo_filter,32820,,,,,,,,,,,,,,,,,,,,,,,,,,,,,,,,,,,,,,,,,,0.25793650793650796,,,,,,,,
gigo_filter,32873,,,,,,,,,,,,,,,,,,,,,,,,,,,,,,,,,,,,,,,,,,0.25952380952380955,,,,,,,,
gigo_filter,32926,,,,,,,,,,,,,,,,,,,,,,,,,,,,,,,,,,,,,,,,,,0.24603174603174602,,,,,,,,
gigo_filter,32979,,,,,,,,,,,,,,,,,,,,,,,,,,,,,,,,,,,,,,,,,,0.24761904761904763,,,,,,,,
gigo_filter,33032,,,,,,,,,,,,,,,,,,,,,,,,,,,,,,,,,,,,,,,,,,0.2849206349206349,,,,,,,,
gigo_filter,33085,,,,,,,,,,,,,,,,,,,,,,,,,,,,,,,,,,,,,,,,,,0.2785714285714286,,,,,,,,
gigo_filter,33138,,,,,,,,,,,,,,,,,,,,,,,,,,,,,,,,,,,,,,,,,,0.2785714285714286,,,,,,,,
mimic_safety,30011,,,,,,,,,,,,,,,,,,,,,,,,,,,,,,,,,,,,,,,,,,,0.17777777777777778,0.0,,,,,,
mimic_safety,30064,,,,,,,,,,,,,,,,,,,,,,,,,,,,,,,,,,,,,,,,,,,0.15555555555555556,0.0,,,,,,
mimic_safety,30117,,,,,,,,,,,,,,,,,,,,,,,,,,,,,,,,,,,,,,,,,,,0.26666666666666666,0.022222222222222223,,,,,,
mimic_safety,30170,,,,,,,,,,,,,,,,,,,,,,,,,,,,,,,,,,,,,,,,,,,0.24444444444444444,0.0,,,,,,
mimic_safety,30223,,,,,,,,,,,,,,,,,,,,,,,,,,,,,,,,,,,,,,,,,,,0.2,0.0,,,,,,
mimic_safety,30276,,,,,,,,,,,,,,,,,,,,,,,,,,,,,,,,,,,,,,,,,,,0.2,0.022222222222222223,,,,,,
mimic_safety,30329,,,,,,,,,,,,,,,,,,,,,,,,,,,,,,,,,,,,,,,,,,,0.2222222222222222,0.0,,,,,,
mimic_safety,30382,,,,,,,,,,,,,,,,,,,,,,,,,,,,,,,,,,,,,,,,,,,0.17777777777777778,0.022222222222222223,,,,,,
mimic_safety,30435,,,,,,,,,,,,,,,,,,,,,,,,,,,,,,,,,,,,,,,,,,,0.28888888888888886,0.0,,,,,,
mimic_safety,30488,,,,,,,,,,,,,,,,,,,,,,,,,,,,,,,,,,,,,,,,,,,0.24444444444444444,0.0,,,,,,
mimic_safety,30541,,,,,,,,,,,,,,,,,,,,,,,,,,,,,,,,,,,,,,,,,,,0.15555555555555556,0.0,,,,,,
mimic_safety,30594,,,,,,,,,,,,,,,,,,,,,,,,,,,,,,,,,,,,,,,,,,,0.2222222222222222,0.022222222222222223,,,,,,
mimic_safety,30647,,,,,,,,,,,,,,,,,,,,,,,,,,,,,,,,,,,,,,,,,,,0.24444444444444444,0.022222222222222223,,,,,,
mimic_safety,30700,,,,,,,,,,,,,,,,,,,,,,,,,,,,,,,,,,,,,,,,,,,0.17777777777777778,0.022222222222222223,,,,,,
mimic_safety,30753,,,,,,,,,,,,,,,,,,,,,,,,,,,,,,,,,,,,,,,,,,,0.26666666666666666,0.044444444444444446,,,,,,
mimic_safety,30806,,,,,,,,,,,,,,,,,,,,,,,,,,,,,,,,,,,,,,,,,,,0.15555555555555556,0.022222222222222223,,,,,,
mimic_safety,30859,,,,,,,,,,,,,,,,,,,,,,,,,,,,,,,,,,,,,,,,,,,0.24444444444444444,0.022222222222222223,,,,,,
mimic_safety,30912,,,,,,,,,,,,,,,,,,,,,,,,,,,,,,,,,,,,,,,,,,,0.15555555555555556,0.0,,,,,,
mimic_safety,30965,,,,,,,,,,,,,,,,,,,,,,,,,,,,,,,,,,,,,,,,,,,0.2,0.0,,,,,,
mimic_safety,31018,,,,,,,,,,,,,,,,,,,,,,,,,,,,,,,,,,,,,,,,,,,0.2,0.022222222222222223,,,,,,
mimic_safety,31071,,,,,,,,,,,,,,,,,,,,,,,,,,,,,,,,,,,,,,,,,,,0.13333333333333333,0.0,,,,,,
mimic_safety,31124,,,,,,,,,,,,,,,,,,,,,,,,,,,,,,,,,,,,,,,,,,,0.17777777777777778,0.0,,,,,,
mimic_safety,31177,,,,,,,,,,,,,,,,,,,,,,,,,,,,,,,,,,,,,,,,,,,0.2,0.0,,,,,,
mimic_safety,31230,,,,,,,,,,,,,,,,,,,,,,,,,,,,,,,,,,,,,,,,,,,0.2222222222222222,0.0,,,,,,
mimic_safety,31283,,,,,,,,,,,,,,,,,,,,,,,,,,,,,,,,,,,,,,,,,,,0.06666666666666667,0.0,,,,,,
mimic_safety,31336,,,,,,,,,,,,,,,,,,,,,,,,,,,,,,,,,,,,,,,,,,,0.2222222222222222,0.0,,,,,,
mimic_safety,31389,,,,,,,,,,,,,,,,,,,,,,,,,,,,,,,,,,,,,,,,,,,0.17777777777777778,0.0,,,,,,
mimic_safety,31442,,,,,,,,,,,,,,,,,,,,,,,,,,,,,,,,,,,,,,,,,,,0.13333333333333333,0.0,,,,,,
mimic_safety,31495,,,,,,,,,,,,,,,,,,,,,,,,,,,,,,,,,,,,,,,,,,,0.13333333333333333,0.0,,,,,,
mimic_safety,31548,,,,,,,,,,,,,,,,,,,,,,,,,,,,,,,,,,,,,,,,,,,0.15555555555555556,0.0,,,,,,
mimic_safety,31601,,,,,,,,,,,,,,,,,,,,,,,,,,,,,,,,,,,,,,,,,,,0.2222222222222222,0.0,,,,,,
mimic_safety,31654,,,,,,,,,,,,,,,,,,,,,,,,,,,,,,,,,,,,,,,,,,,0.15555555555555556,0.0,,,,,,
mimic_safety,31707,,,,,,,,,,,,,,,,,,,,,,,,,,,,,,,,,,,,,,,,,,,0.26666666666666666,0.0,,,,,,
mimic_safety,31760,,,,,,,,,,,,,,,,,,,,,,,,,,,,,,,,,,,,,,,,,,,0.2222222222222222,0.022222222222222223,,,,,,
mimic_safety,31813,,,,,,,,,,,,,,,,,,,,,,,,,,,,,,,,,,,,,,,,,,,0.24444444444444444,0.0,,,,,,
mimic_safety,31866,,,,,,,,,,,,,,,,,,,,,,,,,,,,,,,,,,,,,,,,,,,0.3111111111111111,0.0,,,,,,
mimic_safety,31919,,,,,,,,,,,,,,,,,,,,,,,,,,,,,,,,,,,,,,,,,,,0.1111111111111111,0.0,,,,,,
mimic_safety,31972,,,,,,,,,,,,,,,,,,,,,,,,,,,,,,,,,,,,,,,,,,,0.15555555555555556,0.044444444444444446,,,,,,
mimic_safety,32025,,,,,,,,,,,,,,,,,,,,,,,,,,,,,,,,,,,,,,,,,,,0.3111111111111111,0.022222222222222223,,,,,,
mimic_safety,32078,,,,,,,,,,,,,,,,,,,,,,,,,,,,,,,,,,,,,,,,,,,0.15555555555555556,0.044444444444444446,,,,,,
mimic_safety,32131,,,,,,,,,,,,,,,,,,,,,,,,,,,,,,,,,,,,,,,,,,,0.24444444444444444,0.0,,,,,,
mimic_safety,32184,,,,,,,,,,,,,,,,,,,,,,,,,,,,,,,,,,,,,,,,,,,0.2,0.022222222222222223,,,,,,
mimic_safety,32237,,,,,,,,,,,,,,,,,,,,,,,,,,,,,,,,,,,,,,,,,,,0.13333333333333333,0.022222222222222223,,,,,,
mimic_safety,32290,,,,,,,,,,,,,,,,,,,,,,,,,,,,,,,,,,,,,,,,,,,0.2222222222222222,0.0,,,,,,
mimic_safety,32343,,,,,,,,,,,,,,,,,,,,,,,,,,,,,,,,,,,,,,,,,,,0.26666666666666666,0.022222222222222223,,,,,,
mimic_safety,32396,,,,,,,,,,,,,,,,,,,,,,,,,,,,,,,,,,,,,,,,,,,0.28888888888888886,0.0,,,,,,
mimic_safety,32449,,,,,,,,,,,,,,,,,,,,,,,,,,,,,,,,,,,,,,,,,,,0.15555555555555556,0.0,,,,,,
mimic_safety,32502,,,,,,,,,,,,,,,,,,,,,,,,,,,,,,,,,,,,,,,,,,,0.26666666666666666,0.022222222222222223,,,,,,
mimic_safety,32555,,,,,,,,,,,,,,,,,,,,,,,,,,,,,,,,,,,,,,,,,,,0.2,0.0,,,,,,
mimic_safety,32608,,,,,,,,,,,,,,,,,,,,,,,,,,,,,,,,,,,,,,,,,,,0.15555555555555556,0.0,,,,,,
mimic_safety,32661,,,,,,,,,,,,,,,,,,,,,,,,,,,,,,,,,,,,,,,,,,,0.2,0.022222222222222223,,,,,,
mimic_safety,32714,,,,,,,,,,,,,,,,,,,,,,,,,,,,,,,,,,,,,,,,,,,0.2222222222222222,0.0,,,,,,
mimic_safety,32767,,,,,,,,,,,,,,,,,,,,,,,,,,,,,,,,,,,,,,,,,,,0.13333333333333333,0.0,,,,,,
mimic_safety,32820,,,,,,,,,,,,,,,,,,,,,,,,,,,,,,,,,,,,,,,,,,,0.28888888888888886,0.0,,,,,,
mimic_safety,32873,,,,,,,,,,,,,,,,,,,,,,,,,,,,,,,,,,,,,,,,,,,0.15555555555555556,0.0,,,,,,
mimic_safety,32926,,,,,,,,,,,,,,,,,,,,,,,,,,,,,,,,,,,,,,,,,,,0.2,0.0,,,,,,
mimic_safety,32979,,,,,,,,,,,,,,,,,,,,,,,,,,,,,,,,,,,,,,,,,,,0.2,0.0,,,,,,
mimic_safety,33032,,,,,,,,,,,,,,,,,,,,,,,,,,,,,,,,,,,,,,,,,,,0.17777777777777778,0.0,,,,,,
mimic_safety,33085,,,,,,,,,,,,,,,,,,,,,,,,,,,,,,,,,,,,,,,,,,,0.2222222222222222,0.022222222222222223,,,,,,
mimic_safety,33138,,,,,,,,,,,,,,,,,,,,,,,,,,,,,,,,,,,,,,,,,,,0.15555555555555556,0.022222222222222223,,,,,,
purpose_planning,30011,,,,,,,,,,,,,,,,,,,,,,,,,,,,,,,,,,,,,,,,,,,,,0.03636363636363636,0.9272727272727272,,,,
purpose_planning,30064,,,,,,,,,,,,,,,,,,,,,,,,,,,,,,,,,,,,,,,,,,,,,0.00909090909090909,0.9,,,,
purpose_planning,30117,,,,,,,,,,,,,,,,,,,,,,,,,,,,,,,,,,,,,,,,,,,,,0.01818181818181818,0.9136363636363637,,,,
purpose_planning,30170,,,,,,,,,,,,,,,,,,,,,,,,,,,,,,,,,,,,,,,,,,,,,0.05,0.9545454545454546,,,,
purpose_planning,30223,,,,,,,,,,,,,,,,,,,,,,,,,,,,,,,,,,,,,,,,,,,,,0.04090909090909091,0.9272727272727272,,,,
purpose_planning,30276,,,,,,,,,,,,,,,,,,,,,,,,,,,,,,,,,,,,,,,,,,,,,0.03636363636363636,0.9272727272727272,,,,
purpose_planning,30329,,,,,,,,,,,,,,,,,,,,,,,,,,,,,,,,,,,,,,,,,,,,,0.05454545454545454,0.9181818181818182,,,,
purpose_planning,30382,,,,,,,,,,,,,,,,,,,,,,,,,,,,,,,,,,,,,,,,,,,,,0.022727272727272728,0.9318181818181818,,,,
purpose_planning,30435,,,,,,,,,,,,,,,,,,,,,,,,,,,,,,,,,,,,,,,,,,,,,0.04090909090909091,0.9454545454545454,,,,
purpose_planning,30488,,,,,,,,,,,,,,,,,,,,,,,,,,,,,,,,,,,,,,,,,,,,,0.031818181818181815,0.9409090909090909,,,,
purpose_planning,30541,,,,,,,,,,,,,,,,,,,,,,,,,,,,,,,,,,,,,,,,,,,,,0.05909090909090909,0.9636363636363636,,,,
purpose_planning,30594,,,,,,,,,,,,,,,,,,,,,,,,,,,,,,,,,,,,,,,,,,,,,0.022727272727272728,0.9272727272727272,,,,
purpose_planning,30647,,,,,,,,,,,,,,,,,,,,,,,,,,,,,,,,,,,,,,,,,,,,,0.04090909090909091,0.9545454545454546,,,,
purpose_planning,30700,,,,,,,,,,,,,,,,,,,,,,,,,,,,,,,,,,,,,,,,,,,,,0.022727272727272728,0.9272727272727272,,,,
purpose_planning,30753,,,,,,,,,,,,,,,,,,,,,,,,,,,,,,,,,,,,,,,,,,,,,0.022727272727272728,0.9136363636363637,,,,
purpose_planning,30806,,,,,,,,,,,,,,,,,,,,,,,,,,,,,,,,,,,,,,,,,,,,,0.03636363636363636,0.9136363636363637,,,,
purpose_planning,30859,,,,,,,,,,,,,,,,,,,,,,,,,,,,,,,,,,,,,,,,,,,,,0.03636363636363636,0.9272727272727272,,,,
purpose_planning,30912,,,,,,,,,,,,,,,,,,,,,,,,,,,,,,,,,,,,,,,,,,,,,0.031818181818181815,0.9363636363636364,,,,
purpose_planning,30965,,,,,,,,,,,,,,,,,,,,,,,,,,,,,,,,,,,,,,,,,,,,,0.05454545454545454,0.9272727272727272,,,,
purpose_planning,31018,,,,,,,,,,,,,,,,,,,,,,,,,,,,,,,,,,,,,,,,,,,,,0.022727272727272728,0.8863636363636364,,,,
purpose_planning,31071,,,,,,,,,,,,,,,,,,,,,,,,,,,,,,,,,,,,,,,,,,,,,0.02727272727272727,0.95,,,,
purpose_planning,31124,,,,,,,,,,,,,,,,,,,,,,,,,,,,,,,,,,,,,,,,,,,,,0.05,0.95,,,,
purpose_planning,31177,,,,,,,,,,,,,,,,,,,,,,,,,,,,,,,,,,,,,,,,,,,,,0.045454545454545456,0.9181818181818182,,,,
purpose_planning,31230,,,,,,,,,,,,,,,,,,,,,,,,,,,,,,,,,,,,,,,,,,,,,0.045454545454545456,0.9090909090909091,,,,
purpose_planning,31283,,,,,,,,,,,,,,,,,,,,,,,,,,,,,,,,,,,,,,,,,,,,,0.03636363636363636,0.9090909090909091,,,,
purpose_planning,31336,,,,,,,,,,,,,,,,,,,,,,,,,,,,,,,,,,,,,,,,,,,,,0.031818181818181815,0.9272727272727272,,,,
purpose_planning,31389,,,,,,,,,,,,,,,,,,,,,,,,,,,,,,,,,,,,,,,,,,,,,0.045454545454545456,0.9454545454545454,,,,
purpose_planning,31442,,,,,,,,,,,,,,,,,,,,,,,,,,,,,,,,,,,,,,,,,,,,,0.02727272727272727,0.9181818181818182,,,,
purpose_planning,31495,,,,,,,,,,,,,,,,,,,,,,,,,,,,,,,,,,,,,,,,,,,,,0.06818181818181818,0.9136363636363637,,,,
purpose_planning,31548,,,,,,,,,,,,,,,,,,,,,,,,,,,,,,,,,,,,,,,,,,,,,0.02727272727272727,0.95,,,,
purpose_planning,31601,,,,,,,,,,,,,,,,,,,,,,,,,,,,,,,,,,,,,,,,,,,,,0.022727272727272728,0.95,,,,
purpose_planning,31654,,,,,,,,,,,,,,,,,,,,,,,,,,,,,,,,,,,,,,,,,,,,,0.03636363636363636,0.9136363636363637,,,,
purpose_planning,31707,,,,,,,,,,,,,,,,,,,,,,,,,,,,,,,,,,,,,,,,,,,,,0.02727272727272727,0.9363636363636364,,,,
purpose_planning,31760,,,,,,,,,,,,,,,,,,,,,,,,,,,,,,,,,,,,,,,,,,,,,0.045454545454545456,0.9409090909090909,,,,
purpose_planning,31813,,,,,,,,,,,,,,,,,,,,,,,,,,,,,,,,,,,,,,,,,,,,,0.045454545454545456,0.9409090909090909,,,,
purpose_planning,31866,,,,,,,,,,,,,,,,,,,,,,,,,,,,,,,,,,,,,,,,,,,,,0.031818181818181815,0.9318181818181818,,,,
purpose_planning,31919,,,,,,,,,,,,,,,,,,,,,,,,,,,,,,,,,,,,,,,,,,,,,0.031818181818181815,0.9363636363636364,,,,
purpose_planning,31972,,,,,,,,,,,,,,,,,,,,,,,,,,,,,,,,,,,,,,,,,,,,,0.05,0.9090909090909091,,,,
purpose_planning,32025,,,,,,,,,,,,,,,,,,,,,,,,,,,,,,,,,,,,,,,,,,,,,0.04090909090909091,0.9181818181818182,,,,
purpose_planning,32078,,,,,,,,,,,,,,,,,,,,,,,,,,,,,,,,,,,,,,,,,,,,,0.04090909090909091,0.9090909090909091,,,,
purpose_planning,32131,,,,,,,,,,,,,,,,,,,,,,,,,,,,,,,,,,,,,,,,,,,,,0.03636363636363636,0.9363636363636364,,,,
purpose_planning,32184,,,,,,,,,,,,,,,,,,,,,,,,,,,,,,,,,,,,,,,,,,,,,0.045454545454545456,0.9363636363636364,,,,
purpose_planning,32237,,,,,,,,,,,,,,,,,,,,,,,,,,,,,,,,,,,,,,,,,,,,,0.022727272727272728,0.9363636363636364,,,,
purpose_planning,32290,,,,,,,,,,,,,,,,,,,,,,,,,,,,,,,,,,,,,,,,,,,,,0.02727272727272727,0.9090909090909091,,,,
purpose_planning,32343,,,,,,,,,,,,,,,,,,,,,,,,,,,,,,,,,,,,,,,,,,,,,0.04090909090909091,0.9181818181818182,,,,
purpose_planning,32396,,,,,,,,,,,,,,,,,,,,,,,,,,,,,,,,,,,,,,,,,,,,,0.04090909090909091,0.9409090909090909,,,,
purpose_planning,32449,,,,,,,,,,,,,,,,,,,,,,,,,,,,,,,,,,,,,,,,,,,,,0.045454545454545456,0.9409090909090909,,,,
purpose_planning,32502,,,,,,,,,,,,,,,,,,,,,,,,,,,,,,,,,,,,,,,,,,,,,0.031818181818181815,0.9136363636363637,,,,
purpose_planning,32555,,,,,,,,,,,,,,,,,,,,,,,,,,,,,,,,,,,,,,,,,,,,,0.045454545454545456,0.9272727272727272,,,,
purpose_planning,32608,,,,,,,,,,,,,,,,,,,,,,,,,,,,,,,,,,,,,,,,,,,,,0.03636363636363636,0.9363636363636364,,,,
purpose_planning,32661,,,,,,,,,,,,,,,,,,,,,,,,,,,,,,,,,,,,,,,,,,,,,0.031818181818181815,0.9318181818181818,,,,
purpose_planning,32714,,,,,,,,,,,,,,,,,,,,,,,,,,,,,,,,,,,,,,,,,,,,,0.05454545454545454,0.95,,,,
purpose_planning,32767,,,,,,,,,,,,,,,,,,,,,,,,,,,,,,,,,,,,,,,,,,,,,0.031818181818181815,0.9454545454545454,,,,
purpose_planning,32820,,,,,,,,,,,,,,,,,,,,,,,,,,,,,,,,,,,,,,,,,,,,,0.031818181818181815,0.9454545454545454,,,,
purpose_planning,32873,,,,,,,,,,,,,,,,,,,,,,,,,,,,,,,,,,,,,,,,,,,,,0.04090909090909091,0.9318181818181818,,,,
purpose_planning,32926,,,,,,,,,,,,,,,,,,,,,,,,,,,,,,,,,,,,,,,,,,,,,0.05,0.9045454545454545,,,,
purpose_planning,32979,,,,,,,,,,,,,,,,,,,,,,,,,,,,,,,,,,,,,,,,,,,,,0.03636363636363636,0.9136363636363637,,,,
purpose_planning,33032,,,,,,,,,,,,,,,,,,,,,,,,,,,,,,,,,,,,,,,,,,,,,0.03636363636363636,0.9045454545454545,,,,
purpose_planning,33085,,,,,,,,,,,,,,,,,,,,,,,,,,,,,,,,,,,,,,,,,,,,,0.03636363636363636,0.9272727272727272,,,,
purpose_planning,33138,,,,,,,,,,,,,,,,,,,,,,,,,,,,,,,,,,,,,,,,,,,,,0.045454545454545456,0.9318181818181818,,,,
negotiation,30011,,,,,,,,,,,,,,,,,,,,,,,,,,,,,,,,,,,,,,,,,,,,,,,0.5044444444444445,0.06777777777777778,,
negotiation,30064,,,,,,,,,,,,,,,,,,,,,,,,,,,,,,,,,,,,,,,,,,,,,,,0.5088888888888888,0.07111111111111111,,
negotiation,30117,,,,,,,,,,,,,,,,,,,,,,,,,,,,,,,,,,,,,,,,,,,,,,,0.49777777777777776,0.06333333333333334,,
negotiation,30170,,,,,,,,,,,,,,,,,,,,,,,,,,,,,,,,,,,,,,,,,,,,,,,0.4866666666666667,0.08333333333333333,,
negotiation,30223,,,,,,,,,,,,,,,,,,,,,,,,,,,,,,,,,,,,,,,,,,,,,,,0.5211111111111111,0.07222222222222222,,
negotiation,30276,,,,,,,,,,,,,,,,,,,,,,,,,,,,,,,,,,,,,,,,,,,,,,,0.4855555555555556,0.07666666666666666,,
negotiation,30329,,,,,,,,,,,,,,,,,,,,,,,,,,,,,,,,,,,,,,,,,,,,,,,0.49333333333333335,0.08333333333333333,,
negotiation,30382,,,,,,,,,,,,,,,,,,,,,,,,,,,,,,,,,,,,,,,,,,,,,,,0.4888888888888889,0.06888888888888889,,
negotiation,30435,,,,,,,,,,,,,,,,,,,,,,,,,,,,,,,,,,,,,,,,,,,,,,,0.49666666666666665,0.07777777777777778,,
negotiation,30488,,,,,,,,,,,,,,,,,,,,,,,,,,,,,,,,,,,,,,,,,,,,,,,0.5044444444444445,0.07444444444444444,,
negotiation,30541,,,,,,,,,,,,,,,,,,,,,,,,,,,,,,,,,,,,,,,,,,,,,,,0.5055555555555555,0.06888888888888889,,
negotiation,30594,,,,,,,,,,,,,,,,,,,,,,,,,,,,,,,,,,,,,,,,,,,,,,,0.4811111111111111,0.07555555555555556,,
negotiation,30647,,,,,,,,,,,,,,,,,,,,,,,,,,,,,,,,,,,,,,,,,,,,,,,0.5122222222222222,0.08,,
negotiation,30700,,,,,,,,,,,,,,,,,,,,,,,,,,,,,,,,,,,,,,,,,,,,,,,0.4988888888888889,0.07444444444444444,,
negotiation,30753,,,,,,,,,,,,,,,,,,,,,,,,,,,,,,,,,,,,,,,,,,,,,,,0.5111111111111111,0.09333333333333334,,
negotiation,30806,,,,,,,,,,,,,,,,,,,,,,,,,,,,,,,,,,,,,,,,,,,,,,,0.5,0.06333333333333334,,
negotiation,30859,,,,,,,,,,,,,,,,,,,,,,,,,,,,,,,,,,,,,,,,,,,,,,,0.49666666666666665,0.08333333333333333,,
negotiation,30912,,,,,,,,,,,,,,,,,,,,,,,,,,,,,,,,,,,,,,,,,,,,,,,0.5188888888888888,0.07666666666666666,,
negotiation,30965,,,,,,,,,,,,,,,,,,,,,,,,,,,,,,,,,,,,,,,,,,,,,,,0.4988888888888889,0.09,,
negotiation,31018,,,,,,,,,,,,,,,,,,,,,,,,,,,,,,,,,,,,,,,,,,,,,,,0.47555555555555556,0.07444444444444444,,
negotiation,31071,,,,,,,,,,,,,,,,,,,,,,,,,,,,,,,,,,,,,,,,,,,,,,,0.5166666666666667,0.09,,
negotiation,31124,,,,,,,,,,,,,,,,,,,,,,,,,,,,,,,,,,,,,,,,,,,,,,,0.4766666666666667,0.09111111111111111,,
negotiation,31177,,,,,,,,,,,,,,,,,,,,,,,,,,,,,,,,,,,,,,,,,,,,,,,0.4911111111111111,0.0811111111111111,,
negotiation,31230,,,,,,,,,,,,,,,,,,,,,,,,,,,,,,,,,,,,,,,,,,,,,,,0.4911111111111111,0.08444444444444445,,
negotiation,31283,,,,,,,,,,,,,,,,,,,,,,,,,,,,,,,,,,,,,,,,,,,,,,,0.5088888888888888,0.07666666666666666,,
negotiation,31336,,,,,,,,,,,,,,,,,,,,,,,,,,,,,,,,,,,,,,,,,,,,,,,0.49333333333333335,0.07555555555555556,,
negotiation,31389,,,,,,,,,,,,,,,,,,,,,,,,,,,,,,,,,,,,,,,,,,,,,,,0.4911111111111111,0.09333333333333334,,
negotiation,31442,,,,,,,,,,,,,,,,,,,,,,,,,,,,,,,,,,,,,,,,,,,,,,,0.4822222222222222,0.07888888888888888,,
negotiation,31495,,,,,,,,,,,,,,,,,,,,,,,,,,,,,,,,,,,,,,,,,,,,,,,0.5122222222222222,0.07555555555555556,,
negotiation,31548,,,,,,,,,,,,,,,,,,,,,,,,,,,,,,,,,,,,,,,,,,,,,,,0.5088888888888888,0.07777777777777778,,
negotiation,31601,,,,,,,,,,,,,,,,,,,,,,,,,,,,,,,,,,,,,,,,,,,,,,,0.51,0.09222222222222222,,
negotiation,31654,,,,,,,,,,,,,,,,,,,,,,,,,,,,,,,,,,,,,,,,,,,,,,,0.5211111111111111,0.07333333333333333,,
negotiation,31707,,,,,,,,,,,,,,,,,,,,,,,,,,,,,,,,,,,,,,,,,,,,,,,0.5066666666666667,0.08333333333333333,,
negotiation,31760,,,,,,,,,,,,,,,,,,,,,,,,,,,,,,,,,,,,,,,,,,,,,,,0.5255555555555556,0.07555555555555556,,
negotiation,31813,,,,,,,,,,,,,,,,,,,,,,,,,,,,,,,,,,,,,,,,,,,,,,,0.5177777777777778,0.08444444444444445,,
negotiation,31866,,,,,,,,,,,,,,,,,,,,,,,,,,,,,,,,,,,,,,,,,,,,,,,0.5355555555555556,0.07888888888888888,,
negotiation,31919,,,,,,,,,,,,,,,,,,,,,,,,,,,,,,,,,,,,,,,,,,,,,,,0.4633333333333333,0.0811111111111111,,
negotiation,31972,,,,,,,,,,,,,,,,,,,,,,,,,,,,,,,,,,,,,,,,,,,,,,,0.4777777777777778,0.06666666666666667,,
negotiation,32025,,,,,,,,,,,,,,,,,,,,,,,,,,,,,,,,,,,,,,,,,,,,,,,0.5055555555555555,0.09,,
negotiation,32078,,,,,,,,,,,,,,,,,,,,,,,,,,,,,,,,,,,,,,,,,,,,,,,0.5155555555555555,0.06666666666666667,,
negotiation,32131,,,,,,,,,,,,,,,,,,,,,,,,,,,,,,,,,,,,,,,,,,,,,,,0.5066666666666667,0.09111111111111111,,
negotiation,32184,,,,,,,,,,,,,,,,,,,,,,,,,,,,,,,,,,,,,,,,,,,,,,,0.5,0.07888888888888888,,
negotiation,32237,,,,,,,,,,,,,,,,,,,,,,,,,,,,,,,,,,,,,,,,,,,,,,,0.5133333333333333,0.06333333333333334,,
negotiation,32290,,,,,,,,,,,,,,,,,,,,,,,,,,,,,,,,,,,,,,,,,,,,,,,0.5122222222222222,0.07444444444444444,,
negotiation,32343,,,,,,,,,,,,,,,,,,,,,,,,,,,,,,,,,,,,,,,,,,,,,,,0.5088888888888888,0.06555555555555556,,
negotiation,32396,,,,,,,,,,,,,,,,,,,,,,,,,,,,,,,,,,,,,,,,,,,,,,,0.46555555555555556,0.07888888888888888,,
negotiation,32449,,,,,,,,,,,,,,,,,,,,,,,,,,,,,,,,,,,,,,,,,,,,,,,0.49666666666666665,0.08888888888888889,,
negotiation,32502,,,,,,,,,,,,,,,,,,,,,,,,,,,,,,,,,,,,,,,,,,,,,,,0.5055555555555555,0.07444444444444444,,
negotiation,32555,,,,,,,,,,,,,,,,,,,,,,,,,,,,,,,,,,,,,,,,,,,,,,,0.5111111111111111,0.08333333333333333,,
negotiation,32608,,,,,,,,,,,,,,,,,,,,,,,,,,,,,,,,,,,,,,,,,,,,,,,0.48444444444444446,0.06888888888888889,,
negotiation,32661,,,,,,,,,,,,,,,,,,,,,,,,,,,,,,,,,,,,,,,,,,,,,,,0.5055555555555555,0.07333333333333333,,
negotiation,32714,,,,,,,,,,,,,,,,,,,,,,,,,,,,,,,,,,,,,,,,,,,,,,,0.49333333333333335,0.07888888888888888,,
negotiation,32767,,,,,,,,,,,,,,,,,,,,,,,,,,,,,,,,,,,,,,,,,,,,,,,0.51,0.1,,
negotiation,32820,,,,,,,,,,,,,,,,,,,,,,,,,,,,,,,,,,,,,,,,,,,,,,,0.48333333333333334,0.07777777777777778,,
negotiation,32873,,,,,,,,,,,,,,,,,,,,,,,,,,,,,,,,,,,,,,,,,,,,,,,0.48444444444444446,0.06333333333333334,,
negotiation,32926,,,,,,,,,,,,,,,,,,,,,,,,,,,,,,,,,,,,,,,,,,,,,,,0.48777777777777775,0.08333333333333333,,
negotiation,32979,,,,,,,,,,,,,,,,,,,,,,,,,,,,,,,,,,,,,,,,,,,,,,,0.5466666666666666,0.07444444444444444,,
negotiation,33032,,,,,,,,,,,,,,,,,,,,,,,,,,,,,,,,,,,,,,,,,,,,,,,0.5222222222222223,0.06666666666666667,,
negotiation,33085,,,,,,,,,,,,,,,,,,,,,,,,,,,,,,,,,,,,,,,,,,,,,,,0.5177777777777778,0.08222222222222222,,
negotiation,33138,,,,,,,,,,,,,,,,,,,,,,,,,,,,,,,,,,,,,,,,,,,,,,,0.49777777777777776,0.08333333333333333,,
survival_override,30011,,,,,,,,,,,,,,,,,,,,,,,,,,,,,,,,,,,,,,,,,,,,,,,,,0.0022222222222222222,0.24333333333333335
survival_override,30064,,,,,,,,,,,,,,,,,,,,,,,,,,,,,,,,,,,,,,,,,,,,,,,,,0.0011111111111111111,0.2511111111111111
survival_override,30117,,,,,,,,,,,,,,,,,,,,,,,,,,,,,,,,,,,,,,,,,,,,,,,,,0.0005555555555555556,0.25055555555555553
survival_override,30170,,,,,,,,,,,,,,,,,,,,,,,,,,,,,,,,,,,,,,,,,,,,,,,,,0.0005555555555555556,0.25833333333333336
survival_override,30223,,,,,,,,,,,,,,,,,,,,,,,,,,,,,,,,,,,,,,,,,,,,,,,,,0.002777777777777778,0.2538888888888889
survival_override,30276,,,,,,,,,,,,,,,,,,,,,,,,,,,,,,,,,,,,,,,,,,,,,,,,,0.0022222222222222222,0.26055555555555554
survival_override,30329,,,,,,,,,,,,,,,,,,,,,,,,,,,,,,,,,,,,,,,,,,,,,,,,,0.0016666666666666668,0.24444444444444444
survival_override,30382,,,,,,,,,,,,,,,,,,,,,,,,,,,,,,,,,,,,,,,,,,,,,,,,,0.0011111111111111111,0.255
survival_override,30435,,,,,,,,,,,,,,,,,,,,,,,,,,,,,,,,,,,,,,,,,,,,,,,,,0.0011111111111111111,0.23444444444444446
survival_override,30488,,,,,,,,,,,,,,,,,,,,,,,,,,,,,,,,,,,,,,,,,,,,,,,,,0.002777777777777778,0.2577777777777778
survival_override,30541,,,,,,,,,,,,,,,,,,,,,,,,,,,,,,,,,,,,,,,,,,,,,,,,,0.0016666666666666668,0.2761111111111111
survival_override,30594,,,,,,,,,,,,,,,,,,,,,,,,,,,,,,,,,,,,,,,,,,,,,,,,,0.0005555555555555556,0.28055555555555556
survival_override,30647,,,,,,,,,,,,,,,,,,,,,,,,,,,,,,,,,,,,,,,,,,,,,,,,,0.0005555555555555556,0.265
survival_override,30700,,,,,,,,,,,,,,,,,,,,,,,,,,,,,,,,,,,,,,,,,,,,,,,,,0.0011111111111111111,0.23666666666666666
survival_override,30753,,,,,,,,,,,,,,,,,,,,,,,,,,,,,,,,,,,,,,,,,,,,,,,,,0.0,0.28
survival_override,30806,,,,,,,,,,,,,,,,,,,,,,,,,,,,,,,,,,,,,,,,,,,,,,,,,0.0,0.2561111111111111
survival_override,30859,,,,,,,,,,,,,,,,,,,,,,,,,,,,,,,,,,,,,,,,,,,,,,,,,0.0005555555555555556,0.2588888888888889
survival_override,30912,,,,,,,,,,,,,,,,,,,,,,,,,,,,,,,,,,,,,,,,,,,,,,,,,0.0016666666666666668,0.25666666666666665
survival_override,30965,,,,,,,,,,,,,,,,,,,,,,,,,,,,,,,,,,,,,,,,,,,,,,,,,0.0016666666666666668,0.2544444444444444
survival_override,31018,,,,,,,,,,,,,,,,,,,,,,,,,,,,,,,,,,,,,,,,,,,,,,,,,0.002777777777777778,0.2544444444444444
survival_override,31071,,,,,,,,,,,,,,,,,,,,,,,,,,,,,,,,,,,,,,,,,,,,,,,,,0.0,0.25722222222222224
survival_override,31124,,,,,,,,,,,,,,,,,,,,,,,,,,,,,,,,,,,,,,,,,,,,,,,,,0.0016666666666666668,0.23666666666666666
survival_override,31177,,,,,,,,,,,,,,,,,,,,,,,,,,,,,,,,,,,,,,,,,,,,,,,,,0.0,0.2511111111111111
survival_override,31230,,,,,,,,,,,,,,,,,,,,,,,,,,,,,,,,,,,,,,,,,,,,,,,,,0.0005555555555555556,0.25833333333333336
survival_override,31283,,,,,,,,,,,,,,,,,,,,,,,,,,,,,,,,,,,,,,,,,,,,,,,,,0.0005555555555555556,0.26055555555555554
survival_override,31336,,,,,,,,,,,,,,,,,,,,,,,,,,,,,,,,,,,,,,,,,,,,,,,,,0.002777777777777778,0.24833333333333332
survival_override,31389,,,,,,,,,,,,,,,,,,,,,,,,,,,,,,,,,,,,,,,,,,,,,,,,,0.0011111111111111111,0.25666666666666665
survival_override,31442,,,,,,,,,,,,,,,,,,,,,,,,,,,,,,,,,,,,,,,,,,,,,,,,,0.002777777777777778,0.25722222222222224
survival_override,31495,,,,,,,,,,,,,,,,,,,,,,,,,,,,,,,,,,,,,,,,,,,,,,,,,0.0011111111111111111,0.24555555555555555
survival_override,31548,,,,,,,,,,,,,,,,,,,,,,,,,,,,,,,,,,,,,,,,,,,,,,,,,0.0016666666666666668,0.26222222222222225
survival_override,31601,,,,,,,,,,,,,,,,,,,,,,,,,,,,,,,,,,,,,,,,,,,,,,,,,0.0016666666666666668,0.24055555555555555
survival_override,31654,,,,,,,,,,,,,,,,,,,,,,,,,,,,,,,,,,,,,,,,,,,,,,,,,0.0011111111111111111,0.26944444444444443
survival_override,31707,,,,,,,,,,,,,,,,,,,,,,,,,,,,,,,,,,,,,,,,,,,,,,,,,0.0,0.2761111111111111
survival_override,31760,,,,,,,,,,,,,,,,,,,,,,,,,,,,,,,,,,,,,,,,,,,,,,,,,0.0011111111111111111,0.2611111111111111
survival_override,31813,,,,,,,,,,,,,,,,,,,,,,,,,,,,,,,,,,,,,,,,,,,,,,,,,0.0016666666666666668,0.27166666666666667
survival_override,31866,,,,,,,,,,,,,,,,,,,,,,,,,,,,,,,,,,,,,,,,,,,,,,,,,0.002777777777777778,0.2544444444444444
survival_override,31919,,,,,,,,,,,,,,,,,,,,,,,,,,,,,,,,,,,,,,,,,,,,,,,,,0.0005555555555555556,0.24888888888888888
survival_override,31972,,,,,,,,,,,,,,,,,,,,,,,,,,,,,,,,,,,,,,,,,,,,,,,,,0.0022222222222222222,0.23666666666666666
survival_override,32025,,,,,,,,,,,,,,,,,,,,,,,,,,,,,,,,,,,,,,,,,,,,,,,,,0.0016666666666666668,0.24555555555555555
survival_override,32078,,,,,,,,,,,,,,,,,,,,,,,,,,,,,,,,,,,,,,,,,,,,,,,,,0.0005555555555555556,0.25
survival_override,32131,,,,,,,,,,,,,,,,,,,,,,,,,,,,,,,,,,,,,,,,,,,,,,,,,0.0005555555555555556,0.25333333333333335
survival_override,32184,,,,,,,,,,,,,,,,,,,,,,,,,,,,,,,,,,,,,,,,,,,,,,,,,0.0011111111111111111,0.25333333333333335
survival_override,32237,,,,,,,,,,,,,,,,,,,,,,,,,,,,,,,,,,,,,,,,,,,,,,,,,0.0022222222222222222,0.24833333333333332
survival_override,32290,,,,,,,,,,,,,,,,,,,,,,,,,,,,,,,,,,,,,,,,,,,,,,,,,0.0011111111111111111,0.26
survival_override,32343,,,,,,,,,,,,,,,,,,,,,,,,,,,,,,,,,,,,,,,,,,,,,,,,,0.0011111111111111111,0.26166666666666666
survival_override,32396,,,,,,,,,,,,,,,,,,,,,,,,,,,,,,,,,,,,,,,,,,,,,,,,,0.0011111111111111111,0.26944444444444443
survival_override,32449,,,,,,,,,,,,,,,,,,,,,,,,,,,,,,,,,,,,,,,,,,,,,,,,,0.0,0.25277777777777777
survival_override,32502,,,,,,,,,,,,,,,,,,,,,,,,,,,,,,,,,,,,,,,,,,,,,,,,,0.0005555555555555556,0.23
survival_override,32555,,,,,,,,,,,,,,,,,,,,,,,,,,,,,,,,,,,,,,,,,,,,,,,,,0.0016666666666666668,0.24722222222222223
survival_override,32608,,,,,,,,,,,,,,,,,,,,,,,,,,,,,,,,,,,,,,,,,,,,,,,,,0.0033333333333333335,0.2577777777777778
survival_override,32661,,,,,,,,,,,,,,,,,,,,,,,,,,,,,,,,,,,,,,,,,,,,,,,,,0.0011111111111111111,0.26555555555555554
survival_override,32714,,,,,,,,,,,,,,,,,,,,,,,,,,,,,,,,,,,,,,,,,,,,,,,,,0.0016666666666666668,0.26555555555555554
survival_override,32767,,,,,,,,,,,,,,,,,,,,,,,,,,,,,,,,,,,,,,,,,,,,,,,,,0.0005555555555555556,0.24888888888888888
survival_override,32820,,,,,,,,,,,,,,,,,,,,,,,,,,,,,,,,,,,,,,,,,,,,,,,,,0.0,0.26666666666666666
survival_override,32873,,,,,,,,,,,,,,,,,,,,,,,,,,,,,,,,,,,,,,,,,,,,,,,,,0.0005555555555555556,0.275
survival_override,32926,,,,,,,,,,,,,,,,,,,,,,,,,,,,,,,,,,,,,,,,,,,,,,,,,0.0016666666666666668,0.2611111111111111
survival_override,32979,,,,,,,,,,,,,,,,,,,,,,,,,,,,,,,,,,,,,,,,,,,,,,,,,0.0,0.24888888888888888
survival_override,33032,,,,,,,,,,,,,,,,,,,,,,,,,,,,,,,,,,,,,,,,,,,,,,,,,0.0016666666666666668,0.25055555555555553
survival_override,33085,,,,,,,,,,,,,,,,,,,,,,,,,,,,,,,,,,,,,,,,,,,,,,,,,0.002777777777777778,0.24388888888888888
survival_override,33138,,,,,,,,,,,,,,,,,,,,,,,,,,,,,,,,,,,,,,,,,,,,,,,,,0.0,0.2361111111111111
